id,title,url,local,city
1,悦亨化妆品美容养生馆,https://travel.qunar.com/p-oi5382646-yuehenghuazhuangpinsp,胜利街74,(威海)
2,如泉汗蒸美容养生馆,https://travel.qunar.com/p-oi5408751-ruquanhanzhengspan_cl,西陵区亚洲广场A座702室,(宜昌)
3,玻妃美容养生会馆,https://travel.qunar.com/p-oi8906642-bofeispan_classcolora,阜阳市颍州区易景国际幼儿园向东100米路南（易景国际40栋102号）,(阜阳)
4,御森堂美容养生馆,https://travel.qunar.com/p-oi19533291-yusentangspan_classco,富力城二期12栋1-5,(重庆)
5,兰芯美容养生馆,https://travel.qunar.com/p-oi34741937-lanxinspan_classcolor,国际名城5号楼5--102室,(海口)
6,女子美容养生中医沙药灸,https://travel.qunar.com/p-oi34335081-nu:zispan_classcolora,海龙香槟大道58号楼,(荥阳)
7,汇享汗蒸美容养生馆,https://travel.qunar.com/p-oi34574662-huixianghanzhengspan_,北京西路永乐家园24楼2411室,(凯里)
8,蒸美丽美容养生馆(福永店2),https://travel.qunar.com/p-oi34582074-zhengmeilispan_classc,福永街道白石厦路(裕华园东5B文公寓一楼),(深圳)
9,汗蒸美容养生馆,https://travel.qunar.com/p-oi34835552-hanzhengspan_classcol,卫柿线摩卡旁,(济源)
10,梦婷美容养生汗蒸会所,https://travel.qunar.com/p-oi34559449-mengtingspan_classcol,雄楚大道雄楚一号商业街商2栋206,(武汉)
11,大唐和臻谷美容养生(高埗卓越中心),https://travel.qunar.com/p-oi34533488-datanghezhenguspan_cl,振兴东八横路3-16号(工商银行),(东莞)
12,圣薇汗蒸美容养生会馆,https://travel.qunar.com/p-oi34665208-shengweihanzhengspan_,太平庄中二街通苑北三区南门50号楼4单元102室(近国泰百货),(北京)
13,康美星美容养生会所,https://travel.qunar.com/p-oi34908646-kangmeixingspan_class,"地标大厦A栋四楼4406号,兴业银行上面",(东莞)
14,润姿坊美容养生汗蒸连锁会馆,https://travel.qunar.com/p-oi34685138-runzifangspan_classco,荆竹坝路九号荆竹小区一号院大门口(上行锦绣1号门对面),(成都)
15,齐美堂美容养生馆,https://travel.qunar.com/p-oi34335012-qimeitangspan_classco,江南路63号1层,(东莞)
16,尤朵美容养生馆,https://travel.qunar.com/p-oi34600315-youduospan_classcolor,金龙路10号景瑞花园景瑞阁106室,(海口)
17,禅意美容养生馆,https://travel.qunar.com/p-oi34473620-shanyispan_classcolor,双福镇时代广场双庆路200号附1号,(重庆)
18,丽元堂美容养生馆,https://travel.qunar.com/p-oi34481152-liyuantangspan_classc,岭南路103号,(广州)
19,大自然美容养生会所,https://travel.qunar.com/p-oi34535138-daziranspan_classcolo,亚武路金城派出所对面(金城派出所),(灵宝)
20,葆蒂兰美容养生按摩,https://travel.qunar.com/p-oi34497526-baodilanspan_classcol,富强路17号,(巴彦淖尔)
21,缘源美容养生会所,https://travel.qunar.com/p-oi34833724-yuanyuanspan_classcol,康井路命官营37幢7号二楼,(玉溪)
22,逆时光美容养生,https://travel.qunar.com/p-oi34310529-nishiguangspan_classc,化机厂四号生活区对面,(永济)
23,舒韵美容养生会所,https://travel.qunar.com/p-oi34430538-shuyunspan_classcolor,城南新苑北区64号,(朝阳)
24,丽康美容养生会所,https://travel.qunar.com/p-oi34487552-likangspan_classcolor,312省道,(临沧)
25,悦己美容养生,https://travel.qunar.com/p-oi34384935-yuejispan_classcolora,芙蓉中路新时代广场北栋5楼506室,(长沙)
26,魅若星辰美容养生会所,https://travel.qunar.com/p-oi34467285-meiruoxingchenspan_cl,金珠西路日月湖水景花园2-8-11号,(拉萨)
27,丹美尔美容养生会馆,https://travel.qunar.com/p-oi34511531-danmeierspan_classcol,滨河北街7195大裕时尚烧烤旁,(梅河口)
28,兴仁县千年瑶浴美容养生馆,https://travel.qunar.com/p-oi34813257-xingrenxianqiannianyao,振兴大道与美食街交叉口西150米,(兴仁)
29,舒淇美容养生馆,https://travel.qunar.com/p-oi34435314-shuqispan_classcolora,五象路400号,(南宁)
30,伊笙美容养生,https://travel.qunar.com/p-oi34630722-yishengspan_classcolo,浦东南路978号,(上海)
31,你到我家美容养生全国连锁,https://travel.qunar.com/p-oi34646524-nidaowojiaspan_classc,飞山街祥源大厦A栋20楼1号,(贵阳)
32,成丽美容养生理疗馆,https://travel.qunar.com/p-oi34603250-chenglispan_classcolo,华福大道北段16号10幢11-6,(重庆)
33,香港靓媄国际美容养生会所,https://travel.qunar.com/p-oi34550895-xianggangjingmeiguoji,红星一路74号,(华蓥)
34,焕美时代美容养生会所,https://travel.qunar.com/p-oi34507460-huanmeishidaispan_cla,长兴路161号,(玉环)
35,足鼎美容养生连锁,https://travel.qunar.com/p-oi34451838-zudingspan_classcolor,甫家一路东段540号,(成都)
36,化蝶果蔬美容养生馆,https://travel.qunar.com/p-oi34533134-huadieguoshuspan_clas,武江区沙湖绿洲芙蓉北路二路2-2,(韶关)
37,舒仕博雅美容养生会所,https://travel.qunar.com/p-oi34587348-shushiboyaspan_classc,大润发肯德基斜对面舒仕博雅美容养生会所,(松原)
38,国珍汗蒸按摩美容养生馆,https://travel.qunar.com/p-oi34689808-guozhenhanzhenganmosp,大同平城区云中路805号,(大同)
39,华蒸天下美容养生馆,https://travel.qunar.com/p-oi34716884-huazhengtianxiaspan_c,金域华城商业街东侧中天幼儿园对面华蒸天下美容养生馆,(赤峰)
40,倾颜美容养生中心,https://travel.qunar.com/p-oi34732932-qingyanspan_classcolo,泉州丰泽区SOHOB座1501室,(泉州)
41,青春洗化美容养生馆,https://travel.qunar.com/p-oi34639940-qingchunxihuaspan_cla,三龙镇兴隆中路19号,(盐城)
42,优雅女王美容养生会所,https://travel.qunar.com/p-oi34645217-youyanu:wangspan_clas,怀远路340号,(宿州)
43,宁静美容养生会所,https://travel.qunar.com/p-oi34843824-ningjingspan_classcol,河滨东路河滨小学往南50米,(灵宝)
44,鑫朗沐足美容养生会所,https://travel.qunar.com/p-oi34859544-xinlangmuzuspan_class,巷尾管理区长盛北路173号(桥安商务宾馆二三楼),(东莞)
45,兰庭蝶姿汗蒸美容养生馆,https://travel.qunar.com/p-oi34786568-lantingdiezihanzhengs,太和城东路46号(北安街办东100米),(青岛)
46,金太阳健康美容养生会所(五岭店),https://travel.qunar.com/p-oi34828946-jintaiyangjiankangspa,五岭大道23号五岭花园旁,(郴州)
47,金芦荟美容养生锗石汗蒸调理中心,https://travel.qunar.com/p-oi34355974-jinluhuispan_classcol,中心广场新乐超市旁,(民乐)
48,玲玲美容养生,https://travel.qunar.com/p-oi34375246-linglingspan_classcol,兴中小区20栋30号二楼203室,(义乌)
49,菲凡尚香美容养生(温馨家园店),https://travel.qunar.com/p-oi34390148-feifanshangxiangspan_,温馨家园西区北门23号楼三单元4O6,(茌平)
50,红思羽美容养生,https://travel.qunar.com/p-oi34350264-hongsiyuspan_classcol,盛泰华庭建行旁6栋2单元101室,(当阳)
51,耳丽之年可视采耳美容养生会所,https://travel.qunar.com/p-oi34374441-erlizhiniankeshicaier,花市一条街福林东门斜对面,(盘锦)
52,武江区好睡眠美容养生馆,https://travel.qunar.com/p-oi34374471-wujiangquhaoshuimians,沙洲路43号,(韶关)
53,新郑市国尊美容养生馆,https://travel.qunar.com/p-oi34462167-xinzhengshiguozunspan,双湖大道百合花园2号楼2单元101,(新郑)
54,家辉美容养生,https://travel.qunar.com/p-oi34761817-jiahuispan_classcolor,221省道南坪花苑48号楼,(海安)
55,坤颐美容养生理疗馆,https://travel.qunar.com/p-oi34587907-kunyispan_classcolora,白云路西侧昆工路南侧金泰花园15-9A,(包头)
56,芙美颜美容养生馆,https://travel.qunar.com/p-oi34884180-fumeiyanspan_classcol,祥云道与光明路交叉口西行一百五十米鹭港底商803/10,(唐山)
57,丽颜国际美容养生会所,https://travel.qunar.com/p-oi34641343-liyanguojispan_classc,中兴路康力公寓北门,(东营)
58,丽波美容养生馆,https://travel.qunar.com/p-oi34786417-libospan_classcoloran,涿鹿镇轩辕东路东城1号楼,(涿鹿)
59,瘦康专业减肥美容养生会所,https://travel.qunar.com/p-oi34757300-shoukangzhuanyejianfei,小南门演武厅菜市场西口,(开封)
60,静诗缘中医美容养生馆,https://travel.qunar.com/p-oi34362709-jingshiyuanzhongyispa,东育北路四巷二号,(惠州)
61,耒阳市哆唻咪美容养生会所,https://travel.qunar.com/p-oi34500985-leiyangshiduolaimispa,五一东路五一广场南栋2层,(耒阳)
62,雅梦科技美容养生馆,https://travel.qunar.com/p-oi34616380-yamengkejispan_classc,福田路田安北路64号,(泉州)
63,三菩提美容养生会所,https://travel.qunar.com/p-oi34713779-sanputispan_classcolo,人民大道与彰德路交叉口万达花园楼下,(安阳)
64,婧萱美容养生店,https://travel.qunar.com/p-oi34743151-jingxuanspan_classcol,镇马岭社区青龙北街151号(特创酒庄四楼),(三亚)
65,唯美美容养生会所,https://travel.qunar.com/p-oi34750005-weimeispan_classcolor,汇蓝国际玫瑰主题宾馆912室,(萍乡)
66,松山区梅竹美容养生会馆,https://travel.qunar.com/p-oi34824395-songshanqumeizhuspan_,向阳小区七组团3号楼02014厅(中国移动),(赤峰)
67,小胖推拿美容养生,https://travel.qunar.com/p-oi34508585-xiaopangtuinaspan_cla,海政里59动10号底商,(秦皇岛)
68,咪菲美容养生会所,https://travel.qunar.com/p-oi34778933-mifeispan_classcolora,盱城镇金源北路18号3装124室,(盱眙)
69,云芝兰美容养生馆,https://travel.qunar.com/p-oi34329385-yunzhilanspan_classco,平湖华南城富盈金街310号,(深圳)
70,永香阁美容养生馆,https://travel.qunar.com/p-oi34716541-yongxianggespan_class,世贸西路金山广场诚心阁1102室,(海口)
71,创星美容养生工作室,https://travel.qunar.com/p-oi34812859-chuangxingspan_classc,黄长路8号(金王子大酒店停车场旁3楼),(台州)
72,汇享汗蒸美容养生馆(全国连锁368号店),https://travel.qunar.com/p-oi34619918-huixianghanzhengspan_,天庆路1号,(大理)
73,雅舒美容养生,https://travel.qunar.com/p-oi34753289-yashuspan_classcolora,天桥路83号瑞丰新城首层,(茂名)
74,君悦美容养生SPA会馆,https://travel.qunar.com/p-oi34551996-junyuespan_classcolor,广达街鸿泰花园别墅21号楼7门101,(天津)
75,凡菲朵连锁美容养生会所,https://travel.qunar.com/p-oi34330389-fanfeiduoliansuospan_,烟厂联合工房后大门东汉街文博幼儿园旁金城小区26栋1单元1号(金城小区大门口可见),(常德)
76,荟美美容养生会所(摩尔城店),https://travel.qunar.com/p-oi34393098-huimeispan_classcolor,摩尔城B座1128,(呼和浩特)
77,康泰推拿美容养生馆,https://travel.qunar.com/p-oi34648439-kangtaituinaspan_clas,南海桂城桂澜中路18号中海环宇天下花园8座16号铺,(佛山)
78,康复西路二段49号足尚美容养生,https://travel.qunar.com/p-oi34320781-kangfuxiluerduan49hao,康复西路二段49号,(隆昌)
79,美妍美容养生,https://travel.qunar.com/p-oi34589960-meiyanspan_classcolor,威远门中路中港广场底商,(长治)
80,宫泉美容养生馆,https://travel.qunar.com/p-oi34775411-gongquanspan_classcol,平顺路与龙泉大道交叉口南150米,(驻马店)
81,臻美汗蒸美容养生会馆,https://travel.qunar.com/p-oi34890691-zhenmeihanzhengspan_c,319国道与G56杭瑞高速出口交叉口北200米,(常德)
82,奇缘美容养生简餐棋牌,https://travel.qunar.com/p-oi34504079-qiyuanspan_classcolor,钓鱼台路5号1号楼2楼,(泸州)
83,明子美容养生馆,https://travel.qunar.com/p-oi34333911-mingzispan_classcolor,项宅社区水角村6幢25号205室,(金华)
84,雪肌妮丝美容养生会所,https://travel.qunar.com/p-oi34551706-xuejinisispan_classco,公安县水晶宫荆江河路77号景阳宾馆旁,(荆州)
85,鑫湲美容养生会所,https://travel.qunar.com/p-oi34876942-xinyuanspan_classcolo,花桥镇政府背后面街,(武穴)
86,佳林美容养生会馆,https://travel.qunar.com/p-oi34624958-jialinspan_classcolor,人民大道84号,(海口)
87,韵香阁美容养生形体管理,https://travel.qunar.com/p-oi34744473-yunxianggespan_classc,幸福大道,(射阳)
88,无限极美容养生馆,https://travel.qunar.com/p-oi34750534-wuxianjispan_classcol,二环东路379号,(台州)
89,SOQI神气能量美容养生,https://travel.qunar.com/p-oi34727689-soqishenqinengliangsp,滨海大道7-10号(加州海岸南区),(兴城)
90,荣润祥美容养生会馆,https://travel.qunar.com/p-oi34493934-rongrunxiangspan_clas,开发区海拉尔路城润万家71-13,(大连)
91,天之大足疗美容养生馆(亲水湾店),https://travel.qunar.com/p-oi34506963-tianzhidazuliaospan_c,龙海二路与龙山十路交口亲水湾北商铺中段(123休闲会所旁边停车场内50米处),(惠州)
92,玛丽艳美容养生会所,https://travel.qunar.com/p-oi34813713-maliyanspan_classcolo,建雅路,(株洲)
93,大佬美容养生会所(马连道二店),https://travel.qunar.com/p-oi34348893-dalaospan_classcolora,茶源路18号1号楼底商103号,(北京)
94,贵足阁足浴纳米汗蒸美容养生馆,https://travel.qunar.com/p-oi34867294-guizugezuyunamihanzheng,东升西街43号,(珠海)
95,爱蓝丝美容养生店,https://travel.qunar.com/p-oi34879336-ailansispan_classcolo,美景街11号(美景市场后面),(江门)
96,美立坊美容养生院,https://travel.qunar.com/p-oi34387492-meilifangspan_classco,新华南路天都家园1期(江苏银行向南80米路东),(新沂)
97,古瑶坊美容养生馆,https://travel.qunar.com/p-oi34392416-guyaofangspan_classco,大山村景华南路西园坊9号家公馆二楼,(广州)
98,凤韵美容养生馆,https://travel.qunar.com/p-oi34375365-fengyunspan_classcolo,天和路307号(和平广场2楼),(成都)
99,吟颜轩美容养生馆,https://travel.qunar.com/p-oi34389931-yinyanxuanspan_classc,迎宾路与风凰路交汇处保利中环广场3栋201房,(三亚)
100,颜洁美容养生馆,https://travel.qunar.com/p-oi34317843-yanjiespan_classcolor,新洋路444号,(潮州)
101,康美美容养生馆,https://travel.qunar.com/p-oi34315513-kangmeispan_classcolo,云景路9号东景花园1栋2单元215号,(南宁)
102,汉姿美容养生SPA,https://travel.qunar.com/p-oi34607002-hanzispan_classcolora,黄屿大道一品国际1幢201,(温州)
103,智圣按摩美容养生工作室,https://travel.qunar.com/p-oi34603422-zhishenganmospan_clas,朝阳路中国第一商城纽约豪园A座2303C,(北京)
104,悦港汇美容养生,https://travel.qunar.com/p-oi34884484-yueganghuispan_classc,江浦街道海都路8号08幢金盛田广场2F-022悦港汇,(南京)
105,同芙金涌专业美容养生会所,https://travel.qunar.com/p-oi34752911-tongfujinyongzhuanyes,金涌大道北雅居乐酒店后侧,(中山)
106,铭格美容养生会所,https://travel.qunar.com/p-oi34753868-minggespan_classcolor,世纪东街164号,(绍兴)
107,雪儿美容养生馆,https://travel.qunar.com/p-oi34891131-xueerspan_classcolora,蓼皋街道鸿达A栋_2号门面,(松桃)
108,茗蒸颜顺汗蒸美容养生馆(汇和紫光园店),https://travel.qunar.com/p-oi34881194-mingzhengyanshunhanzheng,金马路汇和紫光园小区3栋1单元201号,(昆明)
109,中草药美容养生馆,https://travel.qunar.com/p-oi34392920-zhongcaoyaospan_class,石厝村上店二区八栋3号店面,(龙海)
110,昱霖国际美容养生会所,https://travel.qunar.com/p-oi34342494-yulinguojispan_classc,亿隆国际二期28号商铺(匡城路与向阳路交叉口向西50米路南),(长垣)
111,名妍汇美容养生,https://travel.qunar.com/p-oi34803903-mingyanhuispan_classc,经济开发区新港大道二号东源大酒店侧,(黄冈)
112,韩蒸天下石疗美容养生馆,https://travel.qunar.com/p-oi34789966-hanzhengtianxiashiliao,白龙大道143号,(重庆)
113,美集美容养生馆(寰宇上都店),https://travel.qunar.com/p-oi34416984-meijispan_classcolora,望江东路寰宇上都大厦,(合肥)
114,群芳美容养生馆(相国家园店),https://travel.qunar.com/p-oi34888818-qunfangspan_classcolo,相国庙街相国家园2号底商(相国庙街小学东行150米路南),(张家口)
115,老成都耳匠采耳美容养生馆,https://travel.qunar.com/p-oi34556203-laochengduerjiangcaier,银河二路南翔云集北门售楼部旁边5号楼蜂巢网吧楼上517,(宿州)
116,和正堂美容养生会所(时代国际店),https://travel.qunar.com/p-oi34569671-hezhengtangspan_class,东柏街双井时代国际5号楼5楼s323(马路边边串串上5楼，近乐成中心),(北京)
117,九龙源足疗美容养生馆,https://travel.qunar.com/p-oi34553087-jiulongyuanzuliaospan,瑞昌路70号-3,(青岛)
118,优姿莱美容养生馆,https://travel.qunar.com/p-oi34796535-youzilaispan_classcol,泗黎路观澜库坑市场二楼15号(库坑小学，深圳农村商业银行),(深圳)
119,攸娜美容养生,https://travel.qunar.com/p-oi34471247-younaspan_classcolora,江南新区江城一品29路公交总站,(重庆)
120,彭州市东巴曼美容养生馆,https://travel.qunar.com/p-oi34486602-pengzhoushidongbamans,天彭镇天泉西区10栋白马社区(园中园斜对面白马社区),(彭州)
121,兰思诺美容养生中心,https://travel.qunar.com/p-oi34537923-lansinuospan_classcol,厦禾路820号帝豪大厦5楼507室,(厦门)
122,辰雨经络美容养生会馆,https://travel.qunar.com/p-oi34516863-chenyujingluospan_cla,蝴蝶泉路鸿基海岸D2-D3号楼18号门市,(营口)
123,春玲美容养生,https://travel.qunar.com/p-oi34518838-chunlingspan_classcol,泉旺头新村一组,(徐州)
124,御美宫健康美容养生SPA会所,https://travel.qunar.com/p-oi34499984-yumeigongjiankangspan,文化路八一路口建行楼梯二楼,(郴州)
125,百欣源美容养生会所,https://travel.qunar.com/p-oi34507417-baixinyuanspan_classc,永安一路9号悦盈新成花园1幢201-204卡(中山南区树木园),(中山)
126,嘉佰丽美容养生会馆,https://travel.qunar.com/p-oi34489950-jiabailispan_classcol,常见路明珠花园1号楼6号商铺,(营口)
127,俏丽颜美容养生SPA馆,https://travel.qunar.com/p-oi34490686-qiaoliyanspan_classco,龙河西路安豪小区北门向西20米(阳澄湖大闸蟹正对面),(六安)
128,脉道美容养生会所,https://travel.qunar.com/p-oi34500640-maidaospan_classcolor,双街半湾半岛26号楼201,(天津)
129,赤手郎中美容养生(涟水大润发店),https://travel.qunar.com/p-oi34500806-chishoulangzhongspan_,常青西路大润发二楼,(淮安)
130,歌妮·艺丰美容养生馆,https://travel.qunar.com/p-oi34501909-geniyifengspan_classc,光华路乾盛兰庭南门11-118-119,(常州)
131,德尔丽美容养生馆,https://travel.qunar.com/p-oi34434930-deerlispan_classcolor,新民路53号电信宿舍6栋3单元一楼102(民主路35号邮政储蓄总部旁),(南宁)
132,丸美SPA美容养生馆李红美容生活馆(武鸣店),https://travel.qunar.com/p-oi34432752-wanmeispaspan_classco,新城路65号,(南宁)
133,和舜源美容养生馆(大沥店),https://travel.qunar.com/p-oi34432962-heshunyuanspan_classc,大沥商业步行街金贸大道城南新村对面(财经学院斜对面),(佛山)
134,宜昌开发区红韵美容养生馆,https://travel.qunar.com/p-oi34845427-yichangkaifaquhongyun,城东大道71号巴黎香颂2号楼一单元1403,(宜昌)
135,美雅芙美容养生中心,https://travel.qunar.com/p-oi34778486-meiyafuspan_classcolo,商品街9巷20号二楼201,(三亚)
136,艾韵佳人美容养生会所(老艾堂艾灸（宝鸡店）),https://travel.qunar.com/p-oi34846644-aiyunjiarenspan_class,高新天下汇后门麦恩印象5幢1802室,(宝鸡)
137,元和汗蒸美容养生馆,https://travel.qunar.com/p-oi34855011-yuanhehanzhengspan_cl,堡子村转盘京都国际2号楼10层21005室,(西安)
138,同顺喜美容养生馆,https://travel.qunar.com/p-oi34332118-tongshunxispan_classc,致远路花样年麓湖国际希尔顿酒店旁,(桂林)
139,蕴颐美容养生会所,https://travel.qunar.com/p-oi34335472-yunyispan_classcolora,通山街天兴城二楼西排6-201,(邹平)
140,宜爱美容养生,https://travel.qunar.com/p-oi34329042-yiaispan_classcoloran,丈八西路里花水社区35排一号,(西安)
141,佳卓美容养生会所,https://travel.qunar.com/p-oi34853800-jiazhuospan_classcolo,金贸东路京华城4栋,(海口)
142,舒雅美容养生会馆,https://travel.qunar.com/p-oi34857677-shuyaspan_classcolora,丽水路70号文笔园西南门旁,(丽江)
143,饮水源美容养生会所,https://travel.qunar.com/p-oi34647358-yinshuiyuanspan_class,金坪西路锦绣新天地30座,(赣州)
144,水芝美气血美容养生连锁(长兴店),https://travel.qunar.com/p-oi34421492-shuizhimeiqixuespan_c,滨河北路东段78号江岸精典小区一楼,(绵阳)
145,清·SPA美容养生,https://travel.qunar.com/p-oi34599195-qingspaspan_classcolo,鲁谷路紫御长安,(北京)
146,莱蔓斯蔻美容养生会所,https://travel.qunar.com/p-oi34602053-laimansikouspan_class,钢铁大街万號国际酒店写字楼2209,(包头)
147,妙应千金坊·美容养生,https://travel.qunar.com/p-oi34755170-miaoyingqianjinfangsp,经三纬一路口往东20米路北,(济南)
148,丹丹美容养生,https://travel.qunar.com/p-oi34460958-dandanspan_classcolor,鸿福西路希尔顿广场5栋(南城商务大厦后100米南城名苑西门停车场),(东莞)
149,养辛美容养生馆,https://travel.qunar.com/p-oi34359474-yangxinspan_classcolo,江兴西路205号,(苏州)
150,伊思漫诺汗蒸国际美容养生会所(金域店),https://travel.qunar.com/p-oi34619001-yisimannuohanzhengguo,南宏一路金域中央北门,(东莞)
151,臻荟汗蒸美容养生,https://travel.qunar.com/p-oi34756433-zhenhuihanzhengspan_c,牧野路与东风路交叉口向北50米路西,(新乡)
152,艾馨美容养生馆,https://travel.qunar.com/p-oi34409292-aixinspan_classcolora,环城北路56号四层411号,(嘉兴)
153,新怡美容养生馆,https://travel.qunar.com/p-oi34909379-xinyispan_classcolora,富琳小区正门内，左手边,(营口)
154,鑫美佳美容养生·小耿足浴,https://travel.qunar.com/p-oi34375577-xinmeijiaspan_classco,利新路老街映像东五十米,(固镇)
155,水芝美气血美容养生连锁(华润店),https://travel.qunar.com/p-oi34815890-shuizhimeiqixuespan_c,玉泉北街77号华润凌云府12-201,(绵阳)
156,康见美美容养生馆,https://travel.qunar.com/p-oi34853417-kangjianmeispan_class,龙岗大道银荷社区水晶之城西北门1041号铺(荷坳地铁站A出口南行300米，新龙州加油站隔壁),(深圳)
157,彩荣美容养生馆,https://travel.qunar.com/p-oi34799028-cairongspan_classcolo,梅岗路华富北屋村49栋101室(梅岗路北京金色摇篮第一婴幼园),(深圳)
158,玺会所美容养生SPA,https://travel.qunar.com/p-oi34825100-xihuisuospan_classcol,文明大道与朝阳路交叉口西北角御峰名苑楼下,(安阳)
159,皇家国际美容养生中心,https://travel.qunar.com/p-oi34316944-huangjiaguojispan_cla,晋成路百捷三栋222,(晋江)
160,向健美容养生馆,https://travel.qunar.com/p-oi34321395-xiangjianspan_classco,民治街道上芬社区西头新村三区21号宇丰公寓楼A座101,(深圳)
161,德理堂美容养生会所(文教路店),https://travel.qunar.com/p-oi34688722-delitangspan_classcol,南京西路殷家墩44号,(南昌)
162,月亮湾美容养生馆,https://travel.qunar.com/p-oi34699723-yueliangwanspan_class,潭中西路15号富丽嘉园7栋1-10号门面,(柳州)
163,灸閤堂美容养生,https://travel.qunar.com/p-oi34605857-jiuhetangspan_classco,谷阳北路2507号御上海·青橙商城内,(上海)
164,纤姬美容养生会所,https://travel.qunar.com/p-oi34644632-xianjispan_classcolor,新坡商业城一街192号一、二层,(茂名)
165,唯伊女王美容养生馆,https://travel.qunar.com/p-oi34683645-weiyinu:wangspan_clas,钱沟南路江汉名居南面城市丽景小区,(仙桃)
166,法兰泥美容养生馆,https://travel.qunar.com/p-oi34676516-falannispan_classcolo,城河大道73号(大明美食城正对面),(宜都)
167,御坊堂美容养生会所(石碣分店),https://travel.qunar.com/p-oi34351576-yufangtangspan_classc,丹桂路45-47号(君悦天城东门，中虹旅馆对面),(东莞)
168,汉格SPA美容养生经络会所,https://travel.qunar.com/p-oi34667837-hangespaspan_classcol,宗汉街道西二环北路729号,(慈溪)
169,贵媛美容养生会所,https://travel.qunar.com/p-oi34909154-guiyuanspan_classcolo,意东一路421号,(潮州)
170,博美汗蒸美容养生连锁(博雅园店),https://travel.qunar.com/p-oi34630583-bomeihanzhengspan_cla,东影南路博雅园1号楼1单元101,(呼和浩特)
171,意美会国际美容养生会所,https://travel.qunar.com/p-oi34718726-yimeihuiguojispan_cla,中建芙蓉嘉苑2期28栋101,(长沙)
172,纳米安然汗蒸美容养生会所,https://travel.qunar.com/p-oi34430504-namianranhanzhengspan,广济大道我们的小倌旁,(武穴)
173,伊人坊美容养生会所,https://travel.qunar.com/p-oi34362039-yirenfangspan_classco,滏东北大街和丛台路交叉口南行100米路东(龙湖御景底商),(邯郸)
174,花皇美容养生会所,https://travel.qunar.com/p-oi34372721-huahuangspan_classcol,江湾三路188号,(珠海)
175,娅丽莎美容养生汗蒸馆,https://travel.qunar.com/p-oi34465684-yalishaspan_classcolo,湖明街雅居乐10号17铺,(佛山)
176,暄姿雅汗蒸美容养生馆,https://travel.qunar.com/p-oi34420733-xuanziyahanzhengspan_,友爱衡阳路口广运都市景苑小区1栋20楼2002室(苏宁电器旁边),(南宁)
177,兰庭欣颜美容养生馆,https://travel.qunar.com/p-oi34755121-lantingxinyanspan_cla,太阳城二期38栋1楼(游泳池上面一栋),(绵阳)
178,华旗安然纳米汗蒸美容养生馆(三正世纪新城店),https://travel.qunar.com/p-oi34487486-huaqianrannamihanzheng,桥蛟西路三正世纪新城6105-6106铺(亨达百货旁),(东莞)
179,玉靓婷美容养生会馆,https://travel.qunar.com/p-oi34816981-yujingtingspan_classc,东风西路古运新城D区10楼1号门市房,(德州)
180,华涟荟汗蒸美容养生连锁(茶山店),https://travel.qunar.com/p-oi34441843-hualianhuihanzhengspa,南社工业区金茂广场内(新科技职业培训学校斜对面，创艺理发店旁),(东莞)
181,康丽美容养生馆,https://travel.qunar.com/p-oi34655551-kanglispan_classcolor,仙葫大道盘古路2-8号(盘古路和军堂路交叉口),(南宁)
182,梦莫娜美容养生,https://travel.qunar.com/p-oi34491281-mengmonaspan_classcol,义招路40号,(大埔)
183,泰莲美容养生SPA会所,https://travel.qunar.com/p-oi36398246-tailianspan_classcolo,河西区南京路与马场道交口凯德国贸A座5107室,(天津)
184,芮娜皇宫美容养生SPA,https://travel.qunar.com/p-oi34776426-ruinahuanggongspan_cl,福星路福祥街77号,(深圳)
185,玉烨美容养生馆,https://travel.qunar.com/p-oi34515343-yuyespan_classcoloran,松龄东路金域华庭玉烨养生馆,(淄博)
186,康美美容养生馆,https://travel.qunar.com/p-oi34700896-kangmeispan_classcolo,翠屏路龙泉新村47号(凌风药业旁),(马龙)
187,正吾美容养生会所,https://travel.qunar.com/p-oi24146524-zhengwuspan_classcolo,清河苑小区一号楼三单元二楼西户,(平舆)
188,无忧清颜美容养生中心(玉田支路店),https://travel.qunar.com/p-oi38143478-wuyouqingyanspan_clas,虹口区玉田支路33-1号,(上海)
189,美容养生会馆,https://travel.qunar.com/p-oi34862475-span_classcolorangemei,290乡道沧海家具城南50米,(沧州)
190,锦鑫美容养生馆,https://travel.qunar.com/p-oi34535176-jinxinspan_classcolor,祥和路来宾市环镜卫生管理处正对面,(来宾)
191,美人鱼汗蒸美容养生馆,https://travel.qunar.com/p-oi34401866-meirenyuhanzhengspan_,秋长一带白石塘井市场斜对面2楼(白石不夜城旁),(惠州)
192,头道汤美容养生会馆,https://travel.qunar.com/p-oi34735262-toudaotangspan_classc,建设西大街467号,(铁力)
193,头道汤美容养生会馆,https://travel.qunar.com/p-oi34735262-toudaotangspan_classc,建设西大街467号,(铁力)
194,百莲凯美容养生会所(大旺店),https://travel.qunar.com/p-oi11433308-bailiankaispan_classc,肇庆高新技术产业开发区工业大街大旺广场正门旁,(四会)
195,雅阁源美容养生汇,https://travel.qunar.com/p-oi16799282-yageyuanspan_classcol,杨公桥烈士墓华宇林泉雅舍12栋1一3,(重庆)
196,卡罗琳美容养生馆,https://travel.qunar.com/p-oi10801474-kaluolinspan_classcol,航海路一站广场c区B1楼c0018b,(郑州)
197,黄琳修美容养生馆,https://travel.qunar.com/p-oi11073674-huanglinxiuspan_class,南新五路21-5号附近,(佛山)
198,菊香美容养生,https://travel.qunar.com/p-oi21373943-juxiangspan_classcolo,健康西路汇豪嘉苑,(盐城)
199,美容养生莲子羹,https://travel.qunar.com/p-oi37485424-span_classcolorangemei,玉龙三巷59号,(成都)
200,贝拉美容养生馆,https://travel.qunar.com/p-oi32359950-beilaspan_classcolora,鼎盛中央公园一期6栋106号,(百色)
201,玛丽艳美容养生馆,https://travel.qunar.com/p-oi19498381-maliyanspan_classcolo,金河东路138,(成都)
202,慕尚美容养生SPA,https://travel.qunar.com/p-oi34364325-mushangspan_classcolo,华夏大道与云港路交叉口东100米路北(维也纳酒店东50米),(新郑)
203,天天美容养生馆,https://travel.qunar.com/p-oi34647832-tiantianspan_classcol,滨港路华通1期7-3-101号,(大连)
204,润寿皇美容养生茶道,https://travel.qunar.com/p-oi34814488-runshouhuangspan_clas,新华东街南侧东城人家89号楼1021室,(银川)
205,晚山茶美容养生,https://travel.qunar.com/p-oi34867181-wanshanchaspan_classc,思明南路1-131号晚山茶美容养生,(厦门)
206,雅足美容养生馆,https://travel.qunar.com/p-oi34614119-yazuspan_classcoloran,汊河街道阳光地带花园小区12栋3号商铺,(扬州)
207,润泽玉美容养生,https://travel.qunar.com/p-oi34594773-runzeyuspan_classcolo,潞阳门北路白岩美甲工作室旁,(长治)
208,沁缘美容养生会馆,https://travel.qunar.com/p-oi26137940-qinyuanspan_classcolo,永泰街135号,(台州)
209,易健经络理疗美容养生馆,https://travel.qunar.com/p-oi34439473-yijianjingluoliliaosp,杨家坪大洋百货1单元12-1,(重庆)
210,铂兰之钥美容养生会所,https://travel.qunar.com/p-oi34414426-bolanzhiyaospan_class,江滨三路1号中城丽景花园三期A-8131,(百色)
211,圣源美容养生会所,https://travel.qunar.com/p-oi34369588-shengyuanspan_classco,巨龙大道86附75号,(武汉)
212,君颜专业美容养生足疗,https://travel.qunar.com/p-oi34727923-junyanzhuanyespan_cla,府北路中国兰州牛肉拉面向东100米,(华山)
213,雅阁美容养生,https://travel.qunar.com/p-oi34372262-yagespan_classcoloran,三湾路20号,(荆州)
214,紫妍汗蒸美容养生馆,https://travel.qunar.com/p-oi34877687-ziyanhanzhengspan_cla,福泰路建设银行东100米路北(百脉泉食府西邻),(济南)
215,千域辰泽男子美容养生SPA会所(上梅林店),https://travel.qunar.com/p-oi34816171-qianyuchenzenanzispan,越华路65号(上梅林地铁站H口300米),(深圳)
216,美一生美容养生会馆,https://travel.qunar.com/p-oi34628258-meiyishengspan_classc,福佳新天地D座24楼7-1,(大连)
217,娥娥美容养生馆,https://travel.qunar.com/p-oi34605836-eespan_classcolorange,新福四路南一街,(茂名)
218,艾熏灸美容养生馆,https://travel.qunar.com/p-oi34477095-aixunjiuspan_classcol,文昌花园文祺别墅22号2铺(篮球场方向往中英文学校方向前行50米),(江门)
219,养心阁美容养生理疗馆,https://travel.qunar.com/p-oi34863651-yangxingespan_classco,深圳龙岗坪地裕华南街17号二楼(坪洲百货),(保康)
220,香港壹面湖水美容养生馆,https://travel.qunar.com/p-oi34485133-xianggangyimianhushui,同济东路18号,(中山)
221,海云芳美容养生馆,https://travel.qunar.com/p-oi34849878-haiyunfangspan_classc,港门村一路三巷8号,(三亚)
222,乐美欣女子美容养生馆,https://travel.qunar.com/p-oi34862087-lemeixinnu:zispan_cla,南渡镇春晖路233号,(溧阳)
223,六宫经络美容养生会所,https://travel.qunar.com/p-oi34625647-liugongjingluospan_cl,晨华路9号天玺彩虹城5栋45楼3号室,(柳州)
224,傲美姿美容养生馆,https://travel.qunar.com/p-oi34875295-aomeizispan_classcolo,瑞金北路鑫吉园小区1栋1单元1901,(兴义)
225,小郝美容养生会所,https://travel.qunar.com/p-oi34693335-xiaohaospan_classcolo,天宝路花园建材城,(铜川)
226,涵悦美甲美容养生馆,https://travel.qunar.com/p-oi34460631-hanyuemeijiaspan_clas,马铺路793号涵悦美甲美容养生馆,(台州)
227,亿尚珀美容养生私人定制,https://travel.qunar.com/p-oi34838488-yishangpospan_classco,西川南路43号夏都青藏大厦郁金香公馆2单元2084室,(西宁)
228,凯威儿美容养生工作室,https://travel.qunar.com/p-oi34783555-kaiweierspan_classcol,海洲胜利工业区华光路2号,(中山)
229,欧雅美容养生馆,https://travel.qunar.com/p-oi34786637-ouyaspan_classcoloran,玉龙大街水榭花都A区西门院内19号楼,(赤峰)
230,森林美容养生会所,https://travel.qunar.com/p-oi34788925-senlinspan_classcolor,和顺街58号,(大连)
231,Q丽美容养生馆,https://travel.qunar.com/p-oi34548116-qlispan_classcolorang,埔田镇114县道埔田中学旁,(揭阳)
232,艾美有氧汗蒸头疗美容养生连锁(人和汇鑫店),https://travel.qunar.com/p-oi34549037-aimeiyouyanghanzhengtou,长江路人和路北50米路东汇鑫小区10号楼东二单元一楼东,(郑州)
233,御品绣美容养生馆(阳春店),https://travel.qunar.com/p-oi34645927-yupinxiuspan_classcol,东湖育才路,(阳春)
234,红惟美容养生会所(北园店),https://travel.qunar.com/p-oi34840718-hongweispan_classcolo,解放大道中国移动旁,(德州)
235,蓝心美容养生馆,https://travel.qunar.com/p-oi34496437-lanxinspan_classcolor,乌苏里路蓝山国际11号楼1112室,(牡丹江)
236,思涵美容养生连锁机构(观水路店),https://travel.qunar.com/p-oi34500170-sihanspan_classcolora,观水路盛世花城天竺阁2501号(物业管理旁),(贵阳)
237,铭鑫美容养生馆,https://travel.qunar.com/p-oi34484713-mingxinspan_classcolo,小西路友爱东巷28号,(沈阳)
238,易筋洗髓美容养生,https://travel.qunar.com/p-oi34474441-yijinxisuispan_classc,宜昌西陵区沿江大道38号,(宜昌)
239,无限极中草药美容养生馆(洪都店),https://travel.qunar.com/p-oi34337091-wuxianjizhongcaoyaosp,新溪桥北二路与新溪桥西一路交叉口北200米,(南昌)
240,瑞妮美康美容养生连锁机构,https://travel.qunar.com/p-oi34570759-ruinimeikangspan_clas,罗马街1号,(孝昌)
241,芯晨美容养生馆,https://travel.qunar.com/p-oi34761657-xinchenspan_classcolo,南宁江南区星光大道28栋,(南宁)
242,舒浴坊美容养生会馆,https://travel.qunar.com/p-oi34606875-shuyufangspan_classco,东进路汉庭酒店停车场院内,(泰州)
243,足缘美容养生馆,https://travel.qunar.com/p-oi34606883-zuyuanspan_classcolor,松涛路一段22号,(资阳)
244,水太极美容养生,https://travel.qunar.com/p-oi34645039-shuitaijispan_classco,定南路8-35号,(赣州)
245,络园美容养生馆,https://travel.qunar.com/p-oi34646949-luoyuanspan_classcolo,黄海路东昇花苑小区碧海国际酒店西院内,(连云港)
246,熹妃美容养生会所,https://travel.qunar.com/p-oi34624279-xifeispan_classcolora,幸福巷74-2号,(德州)
247,回春堂美容养生馆,https://travel.qunar.com/p-oi34628426-huichuntangspan_class,麦地南路25-2号,(惠州)
248,欣馨轩美容养生馆,https://travel.qunar.com/p-oi34362106-xinxinxuanspan_classc,江苏路118号E30栋(四川路),(北海)
249,蜃楼美容养生馆,https://travel.qunar.com/p-oi34475083-shenlouspan_classcolo,玉峰里16栋车库,(秦皇岛)
250,宣汉头道汤美容养生坊,https://travel.qunar.com/p-oi34901974-xuanhantoudaotangspan,宏帆巴人广场中室内步行街UG层2-100号商铺,(宣汉)
251,丹妮美容养生馆,https://travel.qunar.com/p-oi34732384-dannispan_classcolora,西门丹妮美容养生馆(茶厂家属院对面),(桐梓)
252,缔雅美容养生会馆,https://travel.qunar.com/p-oi34366563-diyaspan_classcoloran,苹果园中路132号(老河大家属院门口),(开封)
253,丽颜美容养生馆,https://travel.qunar.com/p-oi34413971-liyanspan_classcolora,宾州迎宾西路融兴府邸五号楼四单元101室,(宾县)
254,丽人行美容养生会所,https://travel.qunar.com/p-oi34421841-lirenxingspan_classco,蔷薇家园13-110号,(常州)
255,芳享国际美容养生会所,https://travel.qunar.com/p-oi34657432-fangxiangguojispan_cl,中国漂城步行街,(施秉)
256,懿康经络美容养生馆,https://travel.qunar.com/p-oi34584996-yikangjingluospan_cla,桂城海四路西自编16号铺,(佛山)
257,耳聪目明美容养生馆,https://travel.qunar.com/p-oi34444691-ercongmumingspan_clas,238省道西环路686号,(汝州)
258,福元堂美容养生,https://travel.qunar.com/p-oi34584781-fuyuantangspan_classc,秦皇东大街铁庄新村20栋一单元202,(秦皇岛)
259,水木清清能量汗蒸美容养生会馆,https://travel.qunar.com/p-oi34587499-shuimuqingqingnengliang,万象街荷兰城东门北侧101-102号,(佳木斯)
260,雅仪美容养生会所,https://travel.qunar.com/p-oi34834505-yayispan_classcoloran,仙人洞路前哨南路20号负一楼,(金平)
261,星星汗蒸美容养生馆,https://travel.qunar.com/p-oi34467439-xingxinghanzhengspan_,小河黄河路转盘四十四医院院内长城嘉苑1栋1单元,(贵阳)
262,玉蝶年华足疗美容养生会所,https://travel.qunar.com/p-oi34552347-yudienianhuazuliaospa,国庆中路102号,(泰兴)
263,卓越美容养生馆,https://travel.qunar.com/p-oi34513652-zhuoyuespan_classcolo,新兴北路维林市场智慧树幼儿园对面,(来宾)
264,尚妙丽雪美容养生会所,https://travel.qunar.com/p-oi34311323-shangmiaolixuespan_cl,五一中路124-18号,(南宁)
265,善福生中医经络美容养生馆,https://travel.qunar.com/p-oi34881544-shanfushengzhongyijing,光华大道三段1818号2单元806室(温江区光华大道三段家乐福),(成都)
266,悠健坊美容养生馆,https://travel.qunar.com/p-oi34906040-youjianfangspan_class,白坭镇黄金大道19号宏达华庭28座,(佛山)
267,卓越美容养生馆,https://travel.qunar.com/p-oi34347638-zhuoyuespan_classcolo,后巷路131号金霞小区4座103,(福州)
268,优典美容养生,https://travel.qunar.com/p-oi34298718-youdianspan_classcolo,大黄桥南路145号2楼,(余姚)
269,增城区精气神足美容养生馆,https://travel.qunar.com/p-oi34866232-zengchengqujingqishen,荔城街塘园中路西五巷5号首层,(广州)
270,清丽美容养生会所,https://travel.qunar.com/p-oi34737088-qinglispan_classcolor,长宁路13号老农贸市场(花鸟市场旁),(金华)
271,群芳美容养生馆(上谷现代城店),https://travel.qunar.com/p-oi34798015-qunfangspan_classcolo,解放路上谷现代城18号楼1单元101室,(张家口)
272,华涟荟康润美容养生中心,https://travel.qunar.com/p-oi34794594-hualianhuikangrunspan,莲峰路80号华丽大厦2楼(福万家生活超市对面，四喜酒店与冲击波美发旁),(东莞)
273,蒙自美人如画美容养生馆,https://travel.qunar.com/p-oi34688116-mengzimeirenruhuaspan,云霞路怡景花园小区A47号,(蒙自)
274,艳之梦美容养生会馆,https://travel.qunar.com/p-oi34633783-yanzhimengspan_classc,茗儒庄园2号楼2号门市,(临江)
275,悦彩护肤美容养生馆,https://travel.qunar.com/p-oi34301009-yuecaihufuspan_classc,万新路飞天世纪新城C座1705室,(兰州)
276,欧尚男士美容养生SPA,https://travel.qunar.com/p-oi34812367-oushangnanshispan_cla,后海大道名苑居南区2253-13号商铺(近登良地铁D出口),(深圳)
277,静雅美容养生,https://travel.qunar.com/p-oi34823770-jingyaspan_classcolor,府左路百联华府10号楼105号,(临沂)
278,GS尊士名媛美容养生会所,https://travel.qunar.com/p-oi34620514-gszunshimingyuanspan_,坤洲大道碧江中学对面碧海宏天A29号,(佛山)
279,幸福嫁日美容养生会所,https://travel.qunar.com/p-oi34649787-xingfujiarispan_class,城南银湖西路河边13号西湖居底商(实验学校往人民医院方向直落500米),(信宜)
280,静水阁美容养生馆,https://travel.qunar.com/p-oi34738276-jingshuigespan_classc,坡博东村一横路10-19号博园公寓301室,(海口)
281,群芳美容养生馆(皇城二期),https://travel.qunar.com/p-oi34879509-qunfangspan_classcolo,皇城桥北皇城2期8号楼101室,(张家口)
282,皇家御蒸美容养生SPA会所,https://travel.qunar.com/p-oi34736515-huangjiayuzhengspan_c,杨公路金樽花园30号楼齐云山楼下(赣州银行旁边),(赣州)
283,雪肽美美容养生会所,https://travel.qunar.com/p-oi34779201-xuetaimeispan_classco,池湖路51号,(潮州)
284,群芳美容养生馆(京西江南店),https://travel.qunar.com/p-oi34853242-qunfangspan_classcolo,钟楼大街京西江南西区18号楼3单元101室,(张家口)
285,艾琪美容养生会馆(二七店),https://travel.qunar.com/p-oi34375790-aiqispan_classcoloran,海军广场华丽山庄15号楼,(大连)
286,瑞倪维儿美容养生馆,https://travel.qunar.com/p-oi34886495-ruiniweierspan_classc,长江东路万正世家对面(赛力扬北隔墙),(南阳)
287,美丽莱美容养生会馆,https://travel.qunar.com/p-oi34302161-meililaispan_classcol,消防三角地韩都烧烤后侧,(本溪)
288,玥如意美容养生会所,https://travel.qunar.com/p-oi34368230-yueruyispan_classcolo,新苑路9号,(烟台)
289,美丽空间美容养生馆,https://travel.qunar.com/p-oi34333419-meilikongjianspan_cla,民治大道东边老村6栋一楼101(大润发对面以纯入口50米),(深圳)
290,盲人推拿中医理疗美容养生,https://travel.qunar.com/p-oi34585062-mangrentuinazhongyili,青阳东路436号,(桐乡)
291,蕙佳美容养生会馆,https://travel.qunar.com/p-oi34600300-huijiaspan_classcolor,国贸路国贸大厦C座A栋后面紫荆花幼儿园对面小区一楼,(海口)
292,媛钰美容养生馆,https://travel.qunar.com/p-oi34423521-yuanyuspan_classcolor,北湖北路万秀村4队187栋3号铺面,(南宁)
293,兴泰东河湾美容养生会所,https://travel.qunar.com/p-oi34424132-xingtaidonghewanspan_,市政府北兴泰东河湾高层3号楼2单元102室,(呼和浩特)
294,中草药美容养生馆,https://travel.qunar.com/p-oi34499752-zhongcaoyaospan_class,昌升北路东城花园东门旁边,(仙桃)
295,美丽驿站美容养生馆,https://travel.qunar.com/p-oi34477268-meiliyizhanspan_class,塘头又一村万众百货对面,(深圳)
296,田之缘健康美容养生馆,https://travel.qunar.com/p-oi34515323-tianzhiyuanjiankangsp,南京东路166号上东壹品2-2-102(公路局旁),(商丘)
297,知行学苑美容养生馆(大石旗舰店),https://travel.qunar.com/p-oi34500315-zhixingxueyuanspan_cl,大石大桥南富石路25号通用综合大厦3楼302室(舞泽天/哈尔滨饺子馆三楼，星期天酒店旁),(广州)
298,北部湾美容养生馆,https://travel.qunar.com/p-oi34374263-beibuwanspan_classcol,南珠西大街北部湾大厦A区1310室,(钦州)
299,曼云美容养生馆,https://travel.qunar.com/p-oi34594130-manyunspan_classcolor,东环大道万达华城一期南门15栋2单元30-4,(柳州)
300,诗经雅韵美容养生中心,https://travel.qunar.com/p-oi34541710-shijingyayunspan_clas,中洲路与通江路交口西北角,(靖江)
301,恒滢美容养生汗蒸馆,https://travel.qunar.com/p-oi34598326-hengyingspan_classcol,南韶山路与颍河路交叉口西北角天明第一城东门旁,(漯河)
302,大唐西子美容养生SPA会所,https://travel.qunar.com/p-oi34481201-datangxizispan_classc,雁塔北路78号(途客中国酒店8楼),(西安)
303,沐影美容养生馆,https://travel.qunar.com/p-oi34488601-muyingspan_classcolor,瑞和东路瑞和新城8-12(瑞和新城南门右转100米、明康散打俱乐部附近),(曲靖)
304,名媛二嘉一健康美容养生会所(郴州店),https://travel.qunar.com/p-oi34449639-mingyuanerjiayijiankang,国庆北路兴隆步行街北栋1单元101室(金伯利钻石3楼),(郴州)
305,淑馨缘汗蒸美容养生馆,https://travel.qunar.com/p-oi34468442-shuxinyuanhanzhengspa,真武路69号恒大绿洲东区18幢2单元103室,(太原)
306,鑫悦艾灸美容养生馆,https://travel.qunar.com/p-oi34840153-xinyueaijiuspan_class,江东大道中段东湖碧水湾东门2栋104号,(马鞍山)
307,你好漂亮美容养生会所,https://travel.qunar.com/p-oi34583138-nihaopiaoliangspan_cl,黎贝岭村聚祥二路71号万丰大厦三楼,(东莞)
308,群芳泽美容养生,https://travel.qunar.com/p-oi34565493-qunfangzespan_classco,蟠龙路窑埠古镇A区10栋一单元,(柳州)
309,琪雅美容养生馆,https://travel.qunar.com/p-oi34842455-qiyaspan_classcoloran,车站路坝陵一桥头(优客网络旁),(当阳)
310,御森堂中药熏蒸美容养生馆,https://travel.qunar.com/p-oi34391215-yusentangzhongyaoxunzheng,迎宾东路迎宾花园小区民主西路3号门面,(湘潭)
311,百草园美容养生,https://travel.qunar.com/p-oi34400223-baicaoyuanspan_classc,广州大道北1421号圣地大厦9楼913号,(广州)
312,蓝海岸美容养生,https://travel.qunar.com/p-oi34862908-lanhaianspan_classcol,磨店梦溪路梦溪小镇西门老乡鸡旁,(合肥)
313,群芳美容养生馆(钢鑫店),https://travel.qunar.com/p-oi34911254-qunfangspan_classcolo,宣府大街钢鑫小区11号楼1单元102室,(张家口)
314,恒颜雅资美容养生会所,https://travel.qunar.com/p-oi34352399-hengyanyazispan_class,河东东街水岸华庭北门21号楼1单元1701室,(运城)
315,东方佳人美容养生会馆,https://travel.qunar.com/p-oi34878521-dongfangjiarenspan_cl,振兴东路4-29号,(聊城)
316,雪源女子美容养生馆,https://travel.qunar.com/p-oi34878741-xueyuannu:zispan_clas,腾鳌镇保安村中兴路17号,(海城)
317,南坤阁美容养生,https://travel.qunar.com/p-oi34340868-nankungespan_classcol,下角东路36号,(惠州)
318,知行学苑美容养生馆(雍雅园分店),https://travel.qunar.com/p-oi34879671-zhixingxueyuanspan_cl,光明北路238号雍雅商业街66号(市桥地铁站裕珑酒店总店 地铁A出口),(广州)
319,谢锡亮艾灸美容养生会所(新桂店),https://travel.qunar.com/p-oi34596309-xiexiliangaijiuspan_c,大良新桂中路26号美林美居23号铺(大头虾转入),(佛山)
320,优姿曼汗蒸美容养生馆,https://travel.qunar.com/p-oi34892174-youzimanhanzhengspan_,黄海公路565弄10号(椒江客运中心对面),(台州)
321,沐妍美容养生会所,https://travel.qunar.com/p-oi34887724-muyanspan_classcolora,中山西洲围大街西州围大街13号,(中山)
322,靓妍堂中医美容养生馆,https://travel.qunar.com/p-oi34699942-jingyantangzhongyispa,世纪金源大道贵安商务中心2号楼1004单元(写字楼),(连江)
323,尚名媛美容养生馆(双拥路店),https://travel.qunar.com/p-oi34680954-shangmingyuanspan_cla,双拥路邮政银行对面,(邵阳)
324,可可·美容养生阁,https://travel.qunar.com/p-oi34671373-kekespan_classcoloran,万达广场3号写字楼1404(瑶海金街旁),(合肥)
325,手道堂美容养生馆,https://travel.qunar.com/p-oi34678421-shoudaotangspan_class,东风北路魏家山25栋4号（东风北路与玉湖路红绿灯交叉口）(新世纪花园斜对面),(玉溪)
326,艾美丽美容养生馆,https://travel.qunar.com/p-oi34654969-aimeilispan_classcolo,大同路世纪华府商铺103号(即金碧花园酒店旁),(河源)
327,固媛艾灸美容养生馆,https://travel.qunar.com/p-oi34709300-guyuanaijiuspan_class,横龙一路阳光丽兹小区1-10店面,(福州)
328,华涟荟美容养生汗蒸馆,https://travel.qunar.com/p-oi34776126-hualianhuispan_classc,风馨苑十街5号102号,(广州)
329,韩尚方美容养生,https://travel.qunar.com/p-oi34535736-hanshangfangspan_clas,经典城17栋(德铭路),(萍乡)
330,康美缘汗蒸美容养生馆,https://travel.qunar.com/p-oi34492178-kangmeiyuanhanzhengsp,永丰路六里屯山水小区3号别墅(海航双语艺术幼儿园南行50米),(北京)
331,艾美诗美容养生汗蒸,https://travel.qunar.com/p-oi34454247-aimeishispan_classcol,贵屿镇南阳村联堤上洋工业区四路直入,(汕头)
332,保脚吧足浴美容养生馆,https://travel.qunar.com/p-oi34729474-baojiaobazuyuspan_cla,锦屏镇普者黑大街荷花宾馆隔壁,(丘北)
333,安然纳米汗蒸美容养生馆(含浦店),https://travel.qunar.com/p-oi34718435-anrannamihanzhengspan,联丰路米兰春天G2栋5单元6楼620(含浦横店电影城后，步步高超市后门正对面，近蔷薇国际),(长沙)
334,汗蒸时代安然纳米美容养生汗蒸馆,https://travel.qunar.com/p-oi34632721-hanzhengshidaianranna,联盟路与沿河路交叉口东北角,(平顶山)
335,爱薇伊汗蒸美容养生馆,https://travel.qunar.com/p-oi34814061-aiweiyihanzhengspan_c,新华街新华小学附近,(沧州)
336,韩美美容养生馆(虎岩公园店),https://travel.qunar.com/p-oi34769970-hanmeispan_classcolor,零陵南路狮岩路31号(虎岩公园入口处),(永州)
337,新尚美容养生会所(教场路店),https://travel.qunar.com/p-oi34724465-xinshangspan_classcol,演武巷4号,(阆中)
338,兰黛之谜女子洗浴美容养生会馆,https://travel.qunar.com/p-oi34613434-landaizhiminu:zixiyus,平安街和运河路丁字路口北行28米路东(临西县老民政局),(邢台)
339,丽之韵汗蒸美容养生馆,https://travel.qunar.com/p-oi34730969-lizhiyunhanzhengspan_,大汉精品建材城9栋18-19室(大汉后门家嘉菜2楼),(娄底)
340,心如莲花美容养生会所,https://travel.qunar.com/p-oi34625465-xinrulianhuaspan_clas,大昌路枫叶花园白金汉宫国际会所往北200米,(于都)
341,养颜坊美容养生馆,https://travel.qunar.com/p-oi34839863-yangyanfangspan_class,德州镇德中路3号(德昌中学北校门下行100米),(凉山)
342,茗蒸颜顺汗蒸美容养生馆(汉欣苑店),https://travel.qunar.com/p-oi34874499-mingzhengyanshunhanzheng,汉城路升官渡汉欣苑1栋3单元102,(武汉)
343,玉兰美容养生会所,https://travel.qunar.com/p-oi34656109-yulanspan_classcolora,"南正街60号(步行街正对面,金维纳旁边二楼)",(临湘)
344,华涟荟汗蒸美容养生(中惠店),https://travel.qunar.com/p-oi34370993-hualianhuihanzhengspa,杨屋村107国道中惠沁林山庄二区46栋商铺,(东莞)
345,一树花开美容养生休闲会所,https://travel.qunar.com/p-oi24192295-yishuhuakaispan_class,丹阳路望嵩浴池院内西(丹阳路与广育路交叉口向西50米路南),(汝州)
346,盛兰国际水疗美容养生连锁集团,https://travel.qunar.com/p-oi11433789-shenglanguojishuiliao,清迈老城,(曼谷)
347,大唐美容养生会馆(解放西精品店),https://travel.qunar.com/p-oi34427649-datangspan_classcolor,解放西路多宝利商业广场五楼58号,(海口)
348,东语美容养生会馆,https://travel.qunar.com/p-oi34893799-dongyuspan_classcolor,人民路佳兆业广场3楼F325室(宝贝渡口旁),(鞍山)
349,伊帝国际美容养生馆有限公司,https://travel.qunar.com/p-oi34280899-yidiguojispan_classco,洛浦街洛溪新城吉祥道32号2楼,(广州)
350,言果美容养生,https://travel.qunar.com/p-oi38577348-yanguospan_classcolor,允景洪街道办事勐捧路28号明珠花园1栋18、19号,(景洪)
351,虞美人专业祛斑祛痘美容养生会所,https://travel.qunar.com/p-oi24111419-yumeirenzhuanyequbanqu,西湖休闲广场A栋13号,(赤壁)
352,玛娅莉 美容养生馆,https://travel.qunar.com/p-oi19512936-mayali_span_classcolo,鸣新中路51-23布丁酒店对面(中国移动),(常州)
353,娴汐美容养生会所,https://travel.qunar.com/p-oi19491976-xianxispan_classcolor,山东路与烟台路交汇处石化大厦A座26楼2603室,(日照)
354,玛丽艳美容养生馆,https://travel.qunar.com/p-oi19499084-maliyanspan_classcolo,德全路114号附20号,(成都)
355,欧亚美容养生中心,https://travel.qunar.com/p-oi27249249-ouyaspan_classcoloran,"Calle del Amor Hermoso, 14, 28026 Madrid, 西班牙",(马德里)
356,木子悠然美容养生馆,https://travel.qunar.com/p-oi34365063-muziyouranspan_classc,城北大道江岸明都3组团3栋3单元302,(思南)
357,沐鑫堂美容养生会所,https://travel.qunar.com/p-oi34787856-muxintangspan_classco,白桦东路(宝石洗浴旁),(呼伦贝尔)
358,碧水容颜美容养生馆,https://travel.qunar.com/p-oi34481040-bishuirongyanspan_cla,锦江大街镜湖路50号,(松原)
359,新雅美容养生会所,https://travel.qunar.com/p-oi34674940-xinyaspan_classcolora,上府街小青蛙咖啡旁建材巷内,(安岳)
360,潇涵美容养生会所(南京路店),https://travel.qunar.com/p-oi34734767-xiaohanspan_classcolo,南京路254号2号楼1单元203(荣昌花园小区),(青岛)
361,艾缘阁美容养生工作室,https://travel.qunar.com/p-oi34400584-aiyuangespan_classcol,江海路388弄8号中心公馆1009,(上海)
362,汉妮自然美美容养生会所,https://travel.qunar.com/p-oi34423673-hanniziranmeispan_cla,海德路昌茂花园锦绣大厦一楼3号(昌茂学校正对面),(海口)
363,双赢美容养生会所,https://travel.qunar.com/p-oi34606669-shuangyingspan_classc,嘎龙路30号,(普洱)
364,茗蒸颜顺汗蒸美容养生馆(建工新城店),https://travel.qunar.com/p-oi34899258-mingzhengyanshunhanzheng,春漫大道建工新城果香园南苑6栋104号,(昆明)
365,同芙银桦专业美容养生会所,https://travel.qunar.com/p-oi34892170-tongfuyinhuazhuanyesp,人民东路322号(银桦新村巴士站后身),(珠海)
366,安然纳米美容养生汗蒸馆,https://travel.qunar.com/p-oi34862818-anrannamispan_classco,华泰世纪华苑C座502,(咸阳)
367,康乐美容养生馆,https://travel.qunar.com/p-oi34561374-kanglespan_classcolor,于辛庄村北街12号,(北京)
368,嘉贝高端美容养生会所,https://travel.qunar.com/p-oi36398501-jiabeigaoduanspan_cla,中原区科学大道中原广告产业园一号楼十一层东户（丹尼斯奥斯卡高新影城）,(郑州)
369,扶阳道易象美容养生馆,https://travel.qunar.com/p-oi34604147-fuyangdaoyixiangspan_,万达华府景园3栋1单元504室,(南昌)
370,蕴颜汇美容养生会所,https://travel.qunar.com/p-oi34589966-yunyanhuispan_classco,阳光大道154号(名苑汇都大门口，德雅购物中心对面),(楚雄州)
371,金木美容养生,https://travel.qunar.com/p-oi34590019-jinmuspan_classcolora,全兴紫苑10楼1单元101室(欣源酒店),(商洛)
372,臻健康美容养生会所,https://travel.qunar.com/p-oi34575469-zhenjiankangspan_clas,火炬路29号1号楼1-403号,(宝鸡)
373,幸福理疗美容养生馆,https://travel.qunar.com/p-oi34385871-xingfuliliaospan_clas,中山隆兴南路86号,(中山)
374,茗媛美容养生理疗馆,https://travel.qunar.com/p-oi34653565-mingyuanspan_classcol,广业街与风鸣路交叉口北80米路西,(清远)
375,我爱我美容养生馆(薛家店),https://travel.qunar.com/p-oi34898476-woaiwospan_classcolor,薛家镇黄河西路252号-49-50,(常州)
376,馥华美容养生会馆,https://travel.qunar.com/p-oi34820848-fuhuaspan_classcolora,铁西街道御景湾二期公建45号,(大连)
377,清妃美容养生,https://travel.qunar.com/p-oi34805427-qingfeispan_classcolo,塘清东路83号,(东莞)
378,丽之源美容养生馆,https://travel.qunar.com/p-oi34347880-lizhiyuanspan_classco,柴桑区江洲华府贝贝幼儿园旁,(九江)
379,衡阳市朝夕相伴美容养生馆,https://travel.qunar.com/p-oi34328751-hengyangshichaoxixiang,文运街司前街42号,(衡阳)
380,玛尔大夫中医养生美容(朗鑫美容养生馆),https://travel.qunar.com/p-oi34796076-maerdafuzhongyiyangsheng,锡沪东路锡沪家艺中心4号楼1311,(无锡)
381,儒佳美容养生SPA会所,https://travel.qunar.com/p-oi34552530-rujiaspan_classcolora,万达公馆3A601,(泉州)
382,正阳路金林美容养生,https://travel.qunar.com/p-oi34332323-zhengyanglujinlinspan,正阳路445-1号,(烟台)
383,幸福家美容养生,https://travel.qunar.com/p-oi34465212-xingfujiaspan_classco,赤松镇横三路仙桥村美食街7号,(金华)
384,颜清堂美容养生养颜,https://travel.qunar.com/p-oi34689386-yanqingtangspan_class,仙林大道118号恒大影城一楼121室,(句容)
385,葛瑞丝美容养生馆,https://travel.qunar.com/p-oi34638258-geruisispan_classcolo,"南马大道302医院旁边(领域旁边,加州明园对面)",(安顺)
386,大同禅美容养生馆,https://travel.qunar.com/p-oi34603660-datongshanspan_classc,大庆路桐城怡景西苑B区106号商铺(交警支队对面),(大同)
387,恒颜美容养生馆,https://travel.qunar.com/p-oi34554926-hengyanspan_classcolo,"广西路与福州路交口向东100米路,北徽贵苑17栋103室",(合肥)
388,唯美美容养生中心,https://travel.qunar.com/p-oi34483648-weimeispan_classcolor,都城镇城中路15号首层(盈信帝景对面),(郁南)
389,美之道美容养生会所(环江店),https://travel.qunar.com/p-oi34672801-meizhidaospan_classco,新建路16号(农业局宿舍楼对面),(环江)
390,梅州市梅江区艾秀涵美容养生馆,https://travel.qunar.com/p-oi34773955-meizhoushimeijiangquai,彬芳大道87-11号,(梅州)
391,欣妍美容养生馆,https://travel.qunar.com/p-oi34900900-xinyanspan_classcolor,唐塔商城2号楼背面东数第七间美筋养生,(郓城)
392,华源美容养生,https://travel.qunar.com/p-oi34454916-huayuanspan_classcolo,寥廓北路98号,(曲靖)
393,善铭轩美容养生理疗馆,https://travel.qunar.com/p-oi34461092-shanmingxuanspan_clas,四平铁西区英雄街南湖委南湖小区d#1单元1层,(四平)
394,净夫人美容养生馆,https://travel.qunar.com/p-oi34467077-jingfurenspan_classco,商品街三巷59号,(三亚)
395,朵妍美容养生馆,https://travel.qunar.com/p-oi34490527-duoyanspan_classcolor,宏福商厦D幢3楼,(武义)
396,晟馨美容养生会馆,https://travel.qunar.com/p-oi34413094-shengxinspan_classcol,晟宝龙C区南门慕尚造型楼上晟馨美容,(辽阳)
397,雅思美容养生会所(天地湾分店),https://travel.qunar.com/p-oi34472482-yasispan_classcoloran,花园路与英才街交叉口天地湾晴苑11号楼1单元108,(郑州)
398,润颜国际美容养生会所,https://travel.qunar.com/p-oi34567675-runyanguojispan_class,银河路银河东路396号,(新泰)
399,百姿美容养生会所,https://travel.qunar.com/p-oi34493430-baizispan_classcolora,潍坊潍城区行政街农业银行西300米,(潍坊)
400,四季美容养生馆,https://travel.qunar.com/p-oi34566165-sijispan_classcoloran,冬融路风凰城大门口旁,(重庆)
401,三明市三元区健康密码美容养生店,https://travel.qunar.com/p-oi34718375-sanmingshisanyuanqujian,工业南路133号1栋628室,(三明)
402,御森堂专业美容养生会所,https://travel.qunar.com/p-oi34699909-yusentangzhuanyespan_,太和世家连桥街长安饭店对面,(太和)
403,沐和酸碱平中医美容养生会馆,https://travel.qunar.com/p-oi34834933-muhesuanjianpingzhong,天童南路1459号,(宁波)
404,阮氏推拿足疗美容养生馆,https://travel.qunar.com/p-oi34886565-ruanshituinazuliaospa,北京路颐高数码B座旁边,(昆明)
405,熙瑞美容养生馆,https://travel.qunar.com/p-oi34905473-xiruispan_classcolora,金海世纪城20栋101,(攀枝花)
406,艾斯美容养生馆,https://travel.qunar.com/p-oi34871153-aisispan_classcoloran,二环北路碧桂园风凰广场,(玉林)
407,玉颜阁美容养生会所,https://travel.qunar.com/p-oi34893955-yuyangespan_classcolo,富锋路润峰花苑东大门,(南通)
408,微凤凰美容养生品质生活馆,https://travel.qunar.com/p-oi34895164-weifenghuangspan_clas,大岭山镇兴育路35号,(东莞)
409,微凤凰美容养生品质生活馆,https://travel.qunar.com/p-oi34895164-weifenghuangspan_clas,大岭山镇兴育路35号,(东莞)
410,悦蓉美容养生会所,https://travel.qunar.com/p-oi34896489-yuerongspan_classcolo,清水河南路老二医院南100米(威尼斯酒店斜对面),(张家口)
411,国色添香美容养生馆,https://travel.qunar.com/p-oi34618500-guosetianxiangspan_cl,金沙大道339号阳光新城碧涛苑3号楼13号铺,(南宁)
412,莎菲美容养生馆,https://travel.qunar.com/p-oi34621338-shafeispan_classcolor,公明镇合水口村柏溪路豪轩大厦4楼402室,(深圳)
413,星颜美容养生,https://travel.qunar.com/p-oi34632403-xingyanspan_classcolo,唐人公馆西门往南20米路西,(德州)
414,梦露美容养生体验馆(白塔步行街店),https://travel.qunar.com/p-oi34603556-mengluspan_classcolor,白塔步行街C区108-110号(海上天歌娱乐城),(营山)
415,御雅美容养生馆,https://travel.qunar.com/p-oi34539428-yuyaspan_classcoloran,环城北路708号,(平湖)
416,东义小城美容养生馆,https://travel.qunar.com/p-oi34384374-dongyixiaochengspan_c,城北大道,(思南)
417,丽源美容养生会所,https://travel.qunar.com/p-oi34519502-liyuanspan_classcolor,煤建路怡和公寓1号楼1单元102,(徐州)
418,馨贵人美容养生馆,https://travel.qunar.com/p-oi34857794-xinguirenspan_classco,金福路文博府A区10栋,(海口)
419,尊尚美容养生国际会所,https://travel.qunar.com/p-oi34858421-zunshangspan_classcol,秋江西路13号御丰国际酒店六楼,(紫金)
420,紫芯美容养生,https://travel.qunar.com/p-oi34339326-zixinspan_classcolora,科源路75号2楼(永利水果大卖场),(永康)
421,lc美容养生馆,https://travel.qunar.com/p-oi34421853-lcspan_classcolorange,佛晓壹号33栋113室,(宿州)
422,同仁祥美容养生馆,https://travel.qunar.com/p-oi34366330-tongrenxiangspan_clas,鉴园小区33号楼底商万民药店二楼,(晋城)
423,尚美美容养生馆,https://travel.qunar.com/p-oi34434212-shangmeispan_classcol,潮枫路385号,(潮州)
424,胶州市曼悦美容养生会所,https://travel.qunar.com/p-oi34315195-jiaozhoushimanyuespan,佳乐家三楼曼悦美容养生会所,(胶州)
425,安美美容养生会所,https://travel.qunar.com/p-oi34844305-anmeispan_classcolora,白兔潭镇玄武大道8号,(醴陵)
426,五行美容养生馆,https://travel.qunar.com/p-oi34446003-wuxingspan_classcolor,"金洲角苏路30号(虎门地标大厦A2号楼后面,迪卡侬后门)",(东莞)
427,纤紫美美容养生会所,https://travel.qunar.com/p-oi34649248-xianzimeispan_classco,兴新街东路97号,(武汉)
428,宝福阁中医推拿养生馆·青之蓝美容养生馆,https://travel.qunar.com/p-oi34718596-baofugezhongyituinayang,普陀路10号,(桂林)
429,大唐美容养生会馆(多宝利店),https://travel.qunar.com/p-oi34475332-datangspan_classcolor,解放西路1号多保利商业广场五楼17号,(海口)
430,欧贝斯美容养生会所,https://travel.qunar.com/p-oi34906343-oubeisispan_classcolo,吊桥路108-5号,(常州)
431,裕足康体美容养生会馆,https://travel.qunar.com/p-oi34867520-yuzukangtispan_classc,月季园路梨园楼14排7号(月季园东里公交车站),(北京)
432,御艾坊美容养生馆,https://travel.qunar.com/p-oi34860206-yuaifangspan_classcol,容桂中华路26号(御艾坊美容养生馆),(佛山)
433,灵彩合一美容养生馆,https://travel.qunar.com/p-oi34338170-lingcaiheyispan_class,松山西路96号,(沈阳)
434,雅芳美容养生会所,https://travel.qunar.com/p-oi34545783-yafangspan_classcolor,香榭里大街209号,(无棣)
435,泊生颜美容养生会所,https://travel.qunar.com/p-oi34568783-boshengyanspan_classc,沃野街锦绣花园北门A2号楼,(巴彦淖尔)
436,杨氏正骨美容养生馆,https://travel.qunar.com/p-oi34558123-yangshizhengguspan_cl,百花一路百花新天地一楼B153,(深圳)
437,林林美容养生馆,https://travel.qunar.com/p-oi34334279-linlinspan_classcolor,阜丰路397号(二道区少年宫对面),(长春)
438,红苹果女子美容养生馆,https://travel.qunar.com/p-oi34853735-hongpingguonu:zispan_,绥安镇镇政府旁东阳小区103店面,(漳浦)
439,飞氛之享美容养生,https://travel.qunar.com/p-oi34543864-feifenzhixiangspan_cl,长青南街27号(正大居忆北门),(沈阳)
440,舒适空间美容养生SPA(西溪欢乐城店),https://travel.qunar.com/p-oi34663706-shushikongjianspan_cl,华丰路西溪欢乐城馨乐居酒店楼上527,(杭州)
441,奢莲美容养生会所(城北花园店),https://travel.qunar.com/p-oi34648144-shelianspan_classcolo,纬二路与经三路交叉口城北花园A区23号楼,(东台)
442,芳麒麟美容养生馆,https://travel.qunar.com/p-oi34706300-fangqilinspan_classco,上海花园11幢104室(上海花园附近),(盐城)
443,鹏熙美容养生馆(步行街店),https://travel.qunar.com/p-oi34689087-pengxispan_classcolor,平谷区府前街31号,(北京)
444,沁容美容养生馆,https://travel.qunar.com/p-oi34409444-qinrongspan_classcolo,文昌西路200号皇冠花园自由商业城67卡,(中山)
445,华丽美容养生馆,https://travel.qunar.com/p-oi34410869-hualispan_classcolora,振兴路50号(东汇商行对面),(东莞)
446,福旭美容养生馆,https://travel.qunar.com/p-oi34411677-fuxuspan_classcoloran,旌旗街40号,(盘锦)
447,脉道元美容养生会馆,https://travel.qunar.com/p-oi34413254-maidaoyuanspan_classc,万家丽北路威尔士春天小区营销中心旁,(长沙)
448,舒韵美容养生馆,https://travel.qunar.com/p-oi34740209-shuyunspan_classcolor,兴丹路书香门第C栋302房,(海口)
449,尚之娇美容养生足疗,https://travel.qunar.com/p-oi34740263-shangzhijiaospan_clas,璧山区璧山区红宇大道,(重庆)
450,剪约美容养生馆,https://travel.qunar.com/p-oi34749398-jianyuespan_classcolo,先锋路33-2号在水一方A区西门,(秦皇岛)
451,青春正好美容养生会所,https://travel.qunar.com/p-oi34753311-qingchunzhenghaospan_,海晏路海湖新区一号公寓B1号楼商铺,(西宁)
452,蓓美美容养生,https://travel.qunar.com/p-oi34400955-beimeispan_classcolor,燕郊经济开发区天洋城四代商业街前街S3-115,(三河)
453,蓝衣天使美容养生会所,https://travel.qunar.com/p-oi34907316-lanyitianshispan_clas,海甸岛五西路伊甸家园9-1-101(世纪大桥直走第二个红绿灯右拐弯万兴东路),(海口)
454,恩绮美容养生馆,https://travel.qunar.com/p-oi34389205-enqispan_classcoloran,文化路1488号,(松原)
455,大同禅美容养生馆二部,https://travel.qunar.com/p-oi34904711-datongshanspan_classc,大同平城区北都街太阳城一期南门,(大同)
456,凤荣汗蒸美容养生馆,https://travel.qunar.com/p-oi34381304-fengronghanzhengspan_,鹤塘路大布金域名苑8幢44卡,(中山)
457,纤蝶美容养生,https://travel.qunar.com/p-oi34660537-xiandiespan_classcolo,新华路十村苏果超市，钻石星城A2座27楼2715室(华润苏果楼上),(南京)
458,博蘭妃汗蒸美容养生馆(鳌江店),https://travel.qunar.com/p-oi34345556-bolanfeihanzhengspan_,兴鳌东路国帆公寓110-112号(渔岛海鲜楼对面),(平阳)
459,君美美容养生馆,https://travel.qunar.com/p-oi34352610-junmeispan_classcolor,林园路东方苑北苑22号楼底商5号,(张家口)
460,嘉萱美容养生会馆,https://travel.qunar.com/p-oi34870694-jiaxuanspan_classcolo,信中路千禧龙苑东门口南,(莒县)
461,伊人伊美美容养生馆,https://travel.qunar.com/p-oi34677177-yirenyimeispan_classc,富国街富国小区6号楼2单元301室,(徐州)
462,舒源美容养生馆,https://travel.qunar.com/p-oi34696673-shuyuanspan_classcolo,市府东路苏宁广场和悦大厦903室(二十九中对面),(包头)
463,百炫宫美容养生馆,https://travel.qunar.com/p-oi34596768-baixuangongspan_class,香澳路步行街109号,(孝感)
464,姿然汗蒸美容养生会所,https://travel.qunar.com/p-oi34589094-ziranhanzhengspan_cla,黄古头35幢,(义乌)
465,水芝美气血美容养生连锁(顺河店),https://travel.qunar.com/p-oi34488294-shuizhimeiqixuespan_c,绵阳市涪城区临园路东段10-23,(绵阳)
466,新天地足道美容养生馆,https://travel.qunar.com/p-oi34463582-xintiandizudaospan_cl,天洁东路11号39(军发酒店斜对面),(鹰潭)
467,初原美容养生,https://travel.qunar.com/p-oi34353678-chuyuanspan_classcolo,红龙路冯家冲3队27栋13号,(玉溪)
468,香庭美容养生馆,https://travel.qunar.com/p-oi34818161-xiangtingspan_classco,胥口镇灵山路505号香山里国际艺术村9幢116(灵山路燕如初对面),(苏州)
469,韩邦能量汗蒸美容养生馆,https://travel.qunar.com/p-oi34331357-hanbangnenglianghanzheng,大学南路二七万达小区3号院9号楼1单元1503,(郑州)
470,纤姿美容养生馆,https://travel.qunar.com/p-oi34425521-xianzispan_classcolor,新兴路淘宝城后海盛花园西门入口,(巩义)
471,康缘美容养生馆,https://travel.qunar.com/p-oi34456669-kangyuanspan_classcol,秀厢大道快环建材城澳华小区35栋4号,(南宁)
472,君逸SPA美容养生会馆(香水园店),https://travel.qunar.com/p-oi34447726-junyispaspan_classcol,九华山路香水园3-4-102(东门),(天津)
473,头疗汤美容养生馆,https://travel.qunar.com/p-oi34837962-touliaotangspan_class,双洲路230号京华中学,(永州)
474,宸瑜坊美容养生院,https://travel.qunar.com/p-oi34317970-chenyufangspan_classc,东环大道万达广场1栋410室,(柳州)
475,静客轩中医美容养生会所,https://travel.qunar.com/p-oi34843612-jingkexuanzhongyispan,解放南路馨悦国际25号商铺,(武汉)
476,宝典美容养生会馆,https://travel.qunar.com/p-oi34627083-baodianspan_classcolo,哈达西街四中对面天合阳光B区西门,(赤峰)
477,施络美容养生,https://travel.qunar.com/p-oi34537038-shiluospan_classcolor,东堤北路温氏科技园商铺c25,(新兴)
478,茗蒸颜顺汗蒸美容养生会馆,https://travel.qunar.com/p-oi34304327-mingzhengyanshunhanzheng,朝新路红光小区门口,(南昌)
479,至尊丽人美容养生汗蒸馆,https://travel.qunar.com/p-oi34578108-zhizunlirenspan_class,绿民路9号万豪世家对面溢香酒店B座楼上1310室,(湛江)
480,茗蒸颜顺汗蒸美容养生馆(经开百年印象店),https://travel.qunar.com/p-oi34469247-mingzhengyanshunhanzheng,八公里中铁百年印象22栋一单元701室(欣润大酒店对面小区),(昆明)
481,茗蒸颜顺汗蒸美容养生馆(经开百年印象店),https://travel.qunar.com/p-oi34469247-mingzhengyanshunhanzheng,八公里中铁百年印象22栋一单元701室(欣润大酒店对面小区),(昆明)
482,茗蒸颜顺汗蒸美容养生馆(仑苍店),https://travel.qunar.com/p-oi34502130-mingzhengyanshunhanzheng,仑苍镇南北大道1栋18号(全芳面包店二楼),(南安)
483,花仙子智能科技美容养生,https://travel.qunar.com/p-oi34515223-huaxianzizhinengkejis,文光三街文光二街18号,(茂名)
484,海韵诗特韩式汗蒸美容养生馆,https://travel.qunar.com/p-oi34476040-haiyunshitehanshihanzheng,市桥街道长堤西路345号,(广州)
485,韩邦汗蒸美容养生怡心会所(华天新城店),https://travel.qunar.com/p-oi34756049-hanbanghanzhengspan_c,芙蓉路二段89号华天新城汇景阁6F,(长沙)
486,美之林汗蒸美容养生SPA馆,https://travel.qunar.com/p-oi34405638-meizhilinhanzhengspan,花楼街宝丽金中央荣御C2座802,(武汉)
487,国灸美容养生会所,https://travel.qunar.com/p-oi34875353-guojiuspan_classcolor,播州区播州区黎明路,(遵义)
488,瑞丽汗蒸美容养生馆,https://travel.qunar.com/p-oi32463668-ruilihanzhengspan_cla,南阳市镇平县034县道与龙翔路交叉口北250米,(南阳)
489,焕颜美容养生会所,https://travel.qunar.com/p-oi13933345-huanyanspan_classcolo,永丰垦殖场建昌大道永修山水美地,(永修)
490,阳光美界美容养生会所(东二环泰禾店),https://travel.qunar.com/p-oi15303115-yangguangmeijiespan_c,东二环泰禾城市广场二期15号楼1层14商铺,(福州)
491,熙庭美容养生,https://travel.qunar.com/p-oi31080721-xitingspan_classcolor,王村乡牛村商业街大西洋家具城楼下4排8号东,(新乡)
492,四季花卉(教堂巷康博美容养生会所),https://travel.qunar.com/p-oi10821096-sijihuahui,教堂巷康博美容养生会所旁,(晋中)
493,无限极中草药美容养生馆,https://travel.qunar.com/p-oi10671727-wuxianjizhongcaoyaosp,建林路801附近,(苏州)
494,维优缇美容养生沿街停车场,https://travel.qunar.com/p-oi19536224-weiyoutispan_classcol,鸣新中路32-1号,(常州)
495,盛之怡美容养生馆,https://travel.qunar.com/p-oi19499241-shengzhiyispan_classc,和平路182号附近,(成都)
496,商祺美容养生馆,https://travel.qunar.com/p-oi19566512-shangqispan_classcolo,兰山街道临西七路与聚才路八里屯33号楼,(临沂)
497,吉丽雅美容养生会所,https://travel.qunar.com/p-oi34666494-jiliyaspan_classcolor,国贸玉沙路中盐大厦4楼b2室,(海口)
498,中医美容养生足道馆,https://travel.qunar.com/p-oi34451549-zhongyispan_classcolo,富强街与民生西路交叉口,(鞍山)
499,秀韵美容养生馆,https://travel.qunar.com/p-oi34654547-xiuyunspan_classcolor,北滘镇南昌路27-2号(九门寨石锅鱼旁边),(佛山)
500,喜来登磁健康美容养生馆,https://travel.qunar.com/p-oi34826401-xilaidengcijiankangsp,温塘中路43号,(东莞)
501,艾慧堂汗蒸美容养生(磁器口店),https://travel.qunar.com/p-oi34858734-aihuitanghanzhengspan,广渠门内大街88-11号新裕家园底商(近磁器口地铁站、新成文化大厦),(北京)
502,蕲艾汗蒸美容养生,https://travel.qunar.com/p-oi34728525-qiaihanzhengspan_clas,北华街理想时代一楼(九全嘉购物广场),(武汉)
503,荟美美容养生会所(海亮总店),https://travel.qunar.com/p-oi34553555-huimeispan_classcolor,锡林郭勒南路海亮广场C座1828室,(呼和浩特)
504,安婕妤美容养生馆,https://travel.qunar.com/p-oi34532260-anjieyuspan_classcolo,丹阳门中路春草塘98号,(常州)
505,芭妍美容养生会所,https://travel.qunar.com/p-oi34588002-bayanspan_classcolora,体育路金色世纪西门直进100米右手边21栋三单元1楼1号,(柳州)
506,雅馨推拿保健美容养生汗蒸馆,https://travel.qunar.com/p-oi34833687-yaxintuinabaojianspan,碧波花园17栋104室(黄贝工商局),(深圳)
507,於氏SPA美容养生馆(白莲巷店),https://travel.qunar.com/p-oi34829374-wushispaspan_classcol,白莲巷41号103室(靠近镇江第四中学东),(镇江)
508,艾灸阁中医美容养生会所,https://travel.qunar.com/p-oi34303032-aijiugezhongyispan_cl,寒溪路恒大华府34栋1楼103,(郴州)
509,丽之艳美容养生馆(衍宏现代城店),https://travel.qunar.com/p-oi34573389-lizhiyanspan_classcol,解放路衍宏现代城十楼A01,(三亚)
510,8090美容养生馆(新凯广场店),https://travel.qunar.com/p-oi34568164-8090span_classcoloran,永胜西路新凯广场3座2524房,(佛山)
511,水颜舫专业美容养生馆,https://travel.qunar.com/p-oi34330129-shuiyanfangzhuanyespa,稀土开发区新光东路3号街坊日月豪庭19-104,(包头)
512,宏丽雅美容养生,https://travel.qunar.com/p-oi34783108-hongliyaspan_classcol,坛山路银座购物中心北邻通盛御河园盛大集市14-8,(枣庄)
513,羽彩美容养生瘦身坊,https://travel.qunar.com/p-oi34785951-yucaispan_classcolora,四院对过万裕风情园步行北街18号,(徐州)
514,芯畅美容养生馆(丰庭花园店),https://travel.qunar.com/p-oi34786114-xinchangspan_classcol,丰庭北街丰庭花园十五栋203室,(广州)
515,星桥美容养生馆,https://travel.qunar.com/p-oi34463769-xingqiaospan_classcol,汶河南路3号2层,(扬州)
516,紫绮美容养生馆,https://travel.qunar.com/p-oi34789673-ziqispan_classcoloran,市府东路香港花园西门28号底店,(包头)
517,康兴阁美容养生会所,https://travel.qunar.com/p-oi34343173-kangxinggespan_classc,中山中路双龙舫中国银行对面二楼(健文牙科门诊二楼),(东莞)
518,尤氏美容养生,https://travel.qunar.com/p-oi34507146-youshispan_classcolor,花园小区景都C棟2单元203,(绵阳)
519,雅士蓝迪美容养生馆,https://travel.qunar.com/p-oi34433318-yashilandispan_classc,站前路88号湛江大厦四楼,(广州)
520,婕美莱美容养生会所,https://travel.qunar.com/p-oi34448473-jiemeilaispan_classco,白云路滨江俊园一期1栋7号商铺,(昆明)
521,芳妃美容养生馆,https://travel.qunar.com/p-oi34444386-fangfeispan_classcolo,珠吉•吉山新路街75号(黄振龙凉茶斜对面)(黄振龙凉茶厂斜对面),(广州)
522,丽都美容养生(东城港店),https://travel.qunar.com/p-oi34455495-lidouspan_classcolora,长沙大道东城港1栋2620室(长沙大道地铁1号出口),(长沙)
523,顺圆美容养生会所,https://travel.qunar.com/p-oi34451896-shunyuanspan_classcol,新桥靠北街与兴安南路交叉口东50米,(呼和浩特)
524,水芝美气血美容养生连锁(宏杰店),https://travel.qunar.com/p-oi34553905-shuizhimeiqixuespan_c,绵阳市建安街宏杰花园B区二楼,(绵阳)
525,御神纤体美容养生会所,https://travel.qunar.com/p-oi34700870-yushenxiantispan_clas,文峰中路与中州路交叉口向北260米路东,(安阳)
526,新芙蓉美容养生会馆,https://travel.qunar.com/p-oi34438817-xinfurongspan_classco,建安街与兴海大街交叉口向西南方向188米,(海城)
527,恒美美容养生馆,https://travel.qunar.com/p-oi34476997-hengmeispan_classcolo,诚杰壹中心B栋1704,(惠州)
528,昇奇美容养生(东城店),https://travel.qunar.com/p-oi34478328-shengqispan_classcolo,火炼树怡丰都市广场,(东莞)
529,宝善美容养生馆,https://travel.qunar.com/p-oi34496577-baoshanspan_classcolo,广东南路逢时花园南海苑B区59号(12小学斜对面),(北海)
530,瀚美国际美容养生,https://travel.qunar.com/p-oi34760234-hanmeiguojispan_class,双莲路莲花北苑21栋三单元210室,(南京)
531,芳琪国际美容养生会所(熙龙湾店),https://travel.qunar.com/p-oi34753254-fangqiguojispan_class,海秀路与甲岸路交汇处熙龙湾二期13-15号(地铁罗宝线新安站B出口，环中线临海站B出口熙龙椰海椰子鸡),(深圳)
532,沐盐时代沙疗美容养生馆,https://travel.qunar.com/p-oi34828611-muyanshidaishaliaospa,南京路147号,(张家港)
533,韩美尔科学美容养生,https://travel.qunar.com/p-oi34307257-hanmeierkexuespan_cla,新顺南大街五里仓商业楼37号2单元4层,(北京)
534,花王·SPA·美容·养生会所(小东街店),https://travel.qunar.com/p-oi34832507-huawangspameirongyang,建设路220号(邮电局对面),(夹江)
535,百莲凯国际美容养生会所,https://travel.qunar.com/p-oi34340142-bailiankaiguojispan_c,风翔大道23号,(清远)
536,梵希蔓美容养生,https://travel.qunar.com/p-oi34864436-fanximanspan_classcol,黄海东路55号,(盐城)
537,五彩阳光沙疗美容养生馆,https://travel.qunar.com/p-oi34582272-wucaiyangguangshaliao,蟠龙大道,(桐梓)
538,欣颖美容养生会馆,https://travel.qunar.com/p-oi34302550-xinyingspan_classcolo,西大街翰林府小区门口金宝副食超市旁,(凤城)
539,宜芳堂美容养生馆,https://travel.qunar.com/p-oi34304147-yifangtangspan_classc,港昌路129号,(珠海)
540,紫梵美容养生,https://travel.qunar.com/p-oi34418592-zifanspan_classcolora,政立路1601号,(上海)
541,雅林轩脊柱健康美容养生馆,https://travel.qunar.com/p-oi34849581-yalinxuanjizhujiankang,环城北二路50号二楼(花鸟市场斜对面又好又多旁),(桂林)
542,柳州伊莱雅美容养生会馆,https://travel.qunar.com/p-oi34699111-liuzhouyilaiyaspan_cl,柳邕路华韵上城售楼部后面步行街,(柳州)
543,白牡丹女子美容养生会馆,https://travel.qunar.com/p-oi34572985-baimudannu:zispan_cla,华信路花园大厦二楼(农行后面或生生百货旁),(海口)
544,妍娜美容养生会所,https://travel.qunar.com/p-oi34424388-yannaspan_classcolora,新安江路与郎溪路交叉口保利东郡1栋102商铺,(合肥)
545,羽茜美容养生会所,https://travel.qunar.com/p-oi34395032-yuqianspan_classcolor,东兴北街10号(老辛庄饭店对面),(涿州)
546,玛丽艳美容养生馆,https://travel.qunar.com/p-oi34894357-maliyanspan_classcolo,煤建路61号(翠湖御景烧烤大排档正对面),(徐州)
547,静逸堂功夫肩颈(燕子美容养生花荄欧洲花园店),https://travel.qunar.com/p-oi34741482-jingyitanggongfujianjing,恒源大道南段花荄欧洲花园14栋1单元4楼6号,(绵阳)
548,以琳美地足浴美容养生,https://travel.qunar.com/p-oi34536583-yilinmeidizuyuspan_cl,泉南东大街39号(永康中心门面房),(邢台)
549,鹏熙美容养生馆(紫贵庄园店),https://travel.qunar.com/p-oi34356318-pengxispan_classcolor,紫贵庄园底商13-8号,(北京)
550,茹伊美容养生,https://travel.qunar.com/p-oi34481385-ruyispan_classcoloran,温渎路海洲国际45号,(绍兴)
551,名盛康泰美容养生馆,https://travel.qunar.com/p-oi34675367-mingshengkangtaispan_,富尊华庭负一楼合力超市入口,(独山)
552,群芳美容养生馆(天泰寺店),https://travel.qunar.com/p-oi34694329-qunfangspan_classcolo,鼓楼前街鼓楼幼儿园西100米兴泰小区底商cc服饰二楼,(张家口)
553,康华宾馆足道美容养生会所,https://travel.qunar.com/p-oi34741369-kanghuabinguanzudaosp,东海北路88号,(泰州)
554,水云坊美容养生中心,https://travel.qunar.com/p-oi34684315-shuiyunfangspan_class,013县道东100米,(马鞍山)
555,宓安娜美容养生中心,https://travel.qunar.com/p-oi34805266-miannaspan_classcolor,永安一路18号,(中山)
556,华源健康中医美容养生馆,https://travel.qunar.com/p-oi34569014-huayuanjiankangzhongyi,长安街中都西苑一期南门8006-8012号,(凤阳)
557,天蕴美容养生会所,https://travel.qunar.com/p-oi34444562-tianyunspan_classcolo,泗州东大街,(泗洪县)
558,德理堂美容养生会所(桃苑店),https://travel.qunar.com/p-oi34452074-delitangspan_classcol,桃苑大街汇海国际广场A座901,(南昌)
559,圣安堂美容养生馆,https://travel.qunar.com/p-oi34519421-shengantangspan_class,五象大道吉象路阳光新城丽水苑17栋20号,(南宁)
560,靓颜美容养生,https://travel.qunar.com/p-oi34557272-jingyanspan_classcolo,梅川镇玉带路驿垴上三叉路口小刘超市隔壁,(武穴)
561,舒馨美容养生会所,https://travel.qunar.com/p-oi34434121-shuxinspan_classcolor,万家福北侧二楼,(定西)
562,伊伊美容养生馆,https://travel.qunar.com/p-oi34435806-yiyispan_classcoloran,和平路与新风西路交叉口东南50米,(东莞)
563,郁金香美容养生名店,https://travel.qunar.com/p-oi34440555-yujinxiangspan_classc,竹湾路,(梧州)
564,邈仁美容养生,https://travel.qunar.com/p-oi34489250-miaorenspan_classcolo,皇爵假日广场二楼邈仁养生会所,(中山)
565,欧美雅美容养生直营连锁(现代一店),https://travel.qunar.com/p-oi34807547-oumeiyaspan_classcolo,建国路88号“SOHO现代城”A座1503室(大望桥),(北京)
566,宜芳堂美容养生馆,https://travel.qunar.com/p-oi34905705-yifangtangspan_classc,五星西路三号,(陆川)
567,时光倾颜美容养生馆,https://travel.qunar.com/p-oi34387356-shiguangqingyanspan_c,甘蔗万家广场,(闽侯)
568,精诚美容养生馆,https://travel.qunar.com/p-oi34421777-jingchengspan_classco,大良府又社区大围五街9号,(佛山)
569,聚美佳美容养生馆,https://travel.qunar.com/p-oi34389750-jumeijiaspan_classcol,雅渡新村内天祥路41号东方幼儿园对面(东方幼儿园对面),(宁波)
570,无限极中草药美容养生会馆,https://travel.qunar.com/p-oi34751706-wuxianjizhongcaoyaosp,书院街与公道巷交叉口西50米,(蔚县)
571,美形堂艾灸美容养生馆,https://travel.qunar.com/p-oi34485979-meixingtangaijiuspan_,横沥镇 东城花园东城商业街B17号铺,(东莞)
572,秀雅美容养生会所,https://travel.qunar.com/p-oi34314583-xiuyaspan_classcolora,林家滩商业街南首宏森美发用品2楼秀雅美容养生会所(海滨二路),(日照)
573,妍丽美容养生,https://travel.qunar.com/p-oi34404583-yanlispan_classcolora,清远清城区学前街,(清远)
574,道心美容养生馆,https://travel.qunar.com/p-oi34762250-daoxinspan_classcolor,府北街防暴队东50米路南,(三河)
575,mg汗蒸美容养生馆,https://travel.qunar.com/p-oi34419047-mghanzhengspan_classc,北门口西南角双保凤凰城1单元10楼10室,(咸阳)
576,鑫丽人美容养生,https://travel.qunar.com/p-oi34735910-xinlirenspan_classcol,上街镇英泰第一城a区c21,(闽侯)
577,康美缘中医理疗美容养生馆,https://travel.qunar.com/p-oi34375929-kangmeiyuanzhongyililiao,康乐新村二巷1号(嘉喜来宾馆旁),(东莞)
578,水芙蓉美容养生会所,https://travel.qunar.com/p-oi34674770-shuifurongspan_classc,姜堰镇锦都国际花园淮海东路175号,(泰州)
579,家美美容养生,https://travel.qunar.com/p-oi34691974-jiameispan_classcolor,文昌大道幸福花开商铺7-108号,(周口)
580,峰丽棠足道美容养生会所,https://travel.qunar.com/p-oi34692886-fenglitangzudaospan_c,320国道答案奶茶店旁,(凯里)
581,蓝云美容养生馆,https://travel.qunar.com/p-oi34732062-lanyunspan_classcolor,泰山大街宝盛汇金街2楼,(泰安)
582,会连美容养生馆,https://travel.qunar.com/p-oi34450567-huilianspan_classcolo,定城镇见龙大道农科所,(定安)
583,兰薇美容养生会所,https://travel.qunar.com/p-oi34456823-lanweispan_classcolor,庙坝街1158号,(大竹)
584,嫣然美容养生馆,https://travel.qunar.com/p-oi34582598-yanranspan_classcolor,泰华水印公寓f座2610,(潍坊)
585,焱星堂—美容养生按摩熏蒸,https://travel.qunar.com/p-oi34572128-yanxingtangspan_class,永盛路65号,(江门)
586,豆蔻年华美容养生馆,https://travel.qunar.com/p-oi34860077-doukounianhuaspan_cla,金湖北路168号,(梧州)
587,向氏古方中医理疗美容养生会所,https://travel.qunar.com/p-oi34862498-xiangshigufangzhongyi,冱水路,(泸县)
588,地江水美容养生馆,https://travel.qunar.com/p-oi34853478-dijiangshuispan_class,建安南路20-1号,(淮北)
589,盈盈美容养生会所,https://travel.qunar.com/p-oi34334012-yingyingspan_classcol,南关大街75号,(高阳)
590,艾生堂美容养生馆,https://travel.qunar.com/p-oi34666253-aishengtangspan_class,白梅一横路39号,(罗定)
591,足乐园美容养生馆,https://travel.qunar.com/p-oi34320201-zuleyuanspan_classcol,南宁江南区白沙大道109号,(南宁)
592,经络美容养生馆,https://travel.qunar.com/p-oi34335948-jingluospan_classcolo,江北21号小区5巷13号(丽格公寓侧面),(惠州)
593,雅尔美美容养生会馆,https://travel.qunar.com/p-oi34905677-yaermeispan_classcolo,天平街兴庆府大院西区东门一号院2-4营业房,(银川)
594,新奇特中医美容养生,https://travel.qunar.com/p-oi34870970-xinqitezhongyispan_cl,东塔路水立坊酒店停车场内,(汉中)
595,怡缘美容养生中心,https://travel.qunar.com/p-oi34823877-yiyuanspan_classcolor,湛江经济技术开发区东简街道开发小区9号,(湛江)
596,洺萱美容养生会馆,https://travel.qunar.com/p-oi34897083-mingxuanspan_classcol,古城街百合西区北门旁(紫城大酒店西行50米),(翁牛特旗)
597,五道经络美容养生馆,https://travel.qunar.com/p-oi34692230-wudaojingluospan_clas,兴宁路18号即风凰公园旁边,(中山)
598,吉莉雅SPA美容养生会所,https://travel.qunar.com/p-oi34702654-jiliyaspaspan_classco,东城西路1号鸿福大厦8层,(东莞)
599,从头到脚美容养生馆,https://travel.qunar.com/p-oi34461871-congtoudaojiaospan_cl,淇河路387号,(淇县)
600,宣医阁美容养生馆,https://travel.qunar.com/p-oi34639865-xuanyigespan_classcol,方圆街8-28号,(赤峰)
601,尚美汗蒸美容养生馆,https://travel.qunar.com/p-oi34602541-shangmeihanzhengspan_,大理镇观音塘张家花园斜对面,(大理)
602,江川县大街街道纤雅美容养生店,https://travel.qunar.com/p-oi34604107-jiangchuanxiandajiejie,江川县大街街道宝风路14号,(玉溪)
603,小清美容养生馆,https://travel.qunar.com/p-oi34417922-xiaoqingspan_classcol,蓝鼎大厦,(紫金)
604,时尚美容养生馆,https://travel.qunar.com/p-oi34800363-shishangspan_classcol,魏塘街道善东路丁香花园旁边三家村桥东超市二楼,(嘉善)
605,丽人美容养生,https://travel.qunar.com/p-oi34844791-lirenspan_classcolora,深泽镇中斜对过丽人美容养生,(石家庄)
606,妍茜美容养生会馆,https://travel.qunar.com/p-oi34816469-yanqianspan_classcolo,清南街13号翰林香郡小区门面房,(仁寿)
607,腧虞秀美容养生会所,https://travel.qunar.com/p-oi34837320-shuyuxiuspan_classcol,美尚源十字路口西路北腧虞秀美容养生会所,(赞皇)
608,灵希美容养生俱乐部,https://travel.qunar.com/p-oi34794955-lingxispan_classcolor,大石路371号(和天下隔壁),(温岭)
609,遂平县美蒂可美容养生会馆,https://travel.qunar.com/p-oi34789068-suipingxianmeidikespa,民安路与中英街(交叉口西路北),(驻马店)
610,头道汤美容养生会所,https://travel.qunar.com/p-oi34757150-toudaotangspan_classc,遂宁船山区滨江北路未来城东门,(遂宁)
611,魔鬼瘦身美容养生馆,https://travel.qunar.com/p-oi34758231-moguishoushenspan_cla,济源宾馆2楼,(济源)
612,古方美容养生馆,https://travel.qunar.com/p-oi34745521-gufangspan_classcolor,玄武山北门3排14号(文化购物街),(陆丰)
613,瑞丽美容养生馆,https://travel.qunar.com/p-oi34745803-ruilispan_classcolora,沿河西路61号,(东莞)
614,净夫人美容养生馆,https://travel.qunar.com/p-oi34677724-jingfurenspan_classco,三灶镇东咀金海岸中学对面海华新村三栋一楼7号铺,(珠海)
615,指功夫美容养生院,https://travel.qunar.com/p-oi34626821-zhigongfuspan_classco,坦神北路182号(万科金悦华庭东对面),(中山)
616,名颜美容养生会所,https://travel.qunar.com/p-oi34636068-mingyanspan_classcolo,天晚集南路241号,(长治)
617,红惟美容养生馆,https://travel.qunar.com/p-oi34622999-hongweispan_classcolo,三八路董子文化街西门南80米,(德州)
618,秀之韵美容养生会所,https://travel.qunar.com/p-oi34637293-xiuzhiyunspan_classco,华南MALLBC区4楼,(东莞)
619,臻颜美容养生,https://travel.qunar.com/p-oi34642553-zhenyanspan_classcolo,中坝南路,(海安)
620,阳光专业美容养生,https://travel.qunar.com/p-oi34727194-yangguangzhuanyespan_,解放西路海城大厦10楼房1021房(工人文化宫、金棕榈旁边、盛昌眼睛楼上),(海口)
621,艾经堂中医美容养生馆,https://travel.qunar.com/p-oi34515600-aijingtangzhongyispan,黄河南路西苑东口公交站台往东30米,(徐州)
622,会缘美容养生馆,https://travel.qunar.com/p-oi34611536-huiyuanspan_classcolo,汇城凡尔赛6-7号店,(上饶)
623,百莲凯国际美容养生SPA连锁机构,https://travel.qunar.com/p-oi34666640-bailiankaiguojispan_c,街心花园广播电视台二楼,(六盘水)
624,昱霖国际美容养生会所(旗舰店),https://travel.qunar.com/p-oi34657076-yulinguojispan_classc,卫华大道中央花园12号商铺,(长垣)
625,悦尔美容养生会所,https://travel.qunar.com/p-oi34658400-yueerspan_classcolora,高新区天府三街46号保利星座7栋709号(高新伊藤后面),(成都)
